Gene name,Mutated samples,Samples tested
A1CF,1,760
A1CF_ENST00000373995,1,760
A2M,2,760
A2ML1,3,760
A4GALT,1,760
AACS,1,760
AAK1,1,760
AAK1_ENST00000409085,1,760
AARSD1,1,760
AASDH,3,760
AASDH_ENST00000502617,1,760
AASS,3,760
AATK,1,760
AATK_ENST00000326724,1,760
ABCA1,1,760
ABCA10,2,760
ABCA12,2,760
ABCA13,7,760
ABCA13_ENST00000435803,7,760
ABCA2,1,760
ABCA4,2,760
ABCA4_ENST00000535735,1,760
ABCA5,2,760
ABCA6,2,760
ABCA7,1,760
ABCA8,1,760
ABCA9,3,760
ABCB1,1,760
ABCB11,2,760
ABCC11,1,760
ABCC2,1,760
ABCC4,1,760
ABCC4_ENST00000376887,1,760
ABCC6,1,760
ABCC9,3,760
ABCC9_ENST00000261201,1,760
ABCD1,2,760
ABCD4,1,760
ABCF1,1,760
ABHD15,1,760
ABHD2,1,760
ABHD8,1,760
ABI3BP,1,760
ABI3BP_ENST00000383691,1,760
ABI3BP_ENST00000471714,1,760
ABL2,2,770
ABL2_ENST00000502732,2,760
ABL2_ENST00000512653,2,760
ABLIM3,1,760
ABO,2,760
AC022601.1,1,760
AC022601.1_ENST00000554864,1,760
ACAA1,1,760
ACACB,1,760
ACADS,1,760
ACADSB,1,760
ACAN,3,760
ACBD4,2,760
ACBD4_ENST00000431281,2,760
ACBD5,1,760
ACBD5_ENST00000396271,1,760
ACCN1,2,760
ACCN1_ENST00000359872,1,760
ACCN2,1,760
ACCN4,1,760
ACCN5,1,760
ACCSL,1,760
ACE,2,760
ACE_ENST00000290863,1,760
ACOT12,1,760
ACPL2,2,760
ACPT,1,760
ACRC,2,760
ACSBG2,1,760
ACSF2,1,760
ACSL5,1,760
ACSM1,2,760
ACSM1_ENST00000219151,1,760
ACSS1,1,760
ACSS3,2,760
ACTBL2,1,760
ACTL6A,1,760
ACTL6B,1,760
ACTN1,1,760
ACTN2,2,760
ACTR10,1,760
ACTR1B,1,760
ACTR3,1,760
ACTR6,1,760
ACTR8,2,760
ACTR8_ENST00000231909,2,760
ACTRT2,1,760
ACVR1,1,760
ACVR1C,1,760
ACVRL1,1,760
ADAM19,1,760
ADAM19_ENST00000257527,1,760
ADAM20,1,760
ADAM21,1,760
ADAM21_ENST00000267499,1,760
ADAM22,2,760
ADAM22_ENST00000265727,2,760
ADAM22_ENST00000315984,2,760
ADAM28,2,760
ADAM29,2,760
ADAM30,3,760
ADAM32,1,760
ADAM7,1,760
ADAMTS10,1,760
ADAMTS12,4,760
ADAMTS14,2,760
ADAMTS14_ENST00000373208,1,760
ADAMTS16_ENST00000274181,1,760
ADAMTS17,2,760
ADAMTS2,1,760
ADAMTS20,2,760
ADAMTS20_ENST00000389420,2,760
ADAMTS6,1,760
ADAMTS6_ENST00000381055,2,760
ADAMTS7,4,760
ADAMTSL1,1,760
ADAMTSL1_ENST00000380548,2,760
ADAMTSL5,1,760
ADCK5,1,760
ADCY10,3,760
ADCY2,1,760
ADCY3,2,760
ADCY6,1,760
ADD1,1,760
ADD2,2,760
ADD2_ENST00000264436,2,760
ADD2_ENST00000430656,1,760
ADD3,1,760
ADH4,1,760
ADH6,1,760
ADH6_ENST00000394899,1,760
ADNP,1,760
ADNP2,1,760
ADPRHL2,1,760
ADRA2C,1,760
AFAP1,1,760
AFAP1L1,1,760
AFF1_ENST00000395146,1,760
AFF2,1,760
AFF2_ENST00000286437,2,760
AFF2_ENST00000370460,1,760
AFF4,1,760
AFG3L2,1,760
AFM,1,760
AFMID,2,760
AFP,1,760
AGA,1,760
AGAP1,1,760
AGBL2,1,760
AGBL5,1,760
AGBL5_ENST00000323064,1,760
AGC1,3,760
AGMO,1,760
AGPAT1,1,760
AGPAT5,1,760
AGT,2,760
AGXT2,2,760
AGXT2L1,1,760
AHCTF1,3,760
AHDC1,1,760
AHNAK,9,760
AHNAK2,1,760
AHNAK2_ENST00000333244,5,760
AHNAK_ENST00000378024,2,760
AHR,3,760
AHRR,1,760
AIFM2,1,760
AIM1,1,760
AK5,1,760
AK7,1,760
AKAP11,1,760
AKAP13,1,760
AKAP13_ENST00000394518,1,760
AKAP13_ENST00000426424,1,760
AKAP17A,1,760
AKAP2,1,760
AKAP3,1,760
AKAP3_ENST00000545990,1,760
AKAP4,3,760
AKAP6,1,760
AKAP9,2,760
AKAP9_ENST00000356239,2,760
AKD1_ENST00000424296,2,760
AKR1C3,1,760
ALAS2,1,760
ALAS2_ENST00000330807,2,760
ALAS2_ENST00000396198,1,760
ALDH16A1,2,760
ALDH18A1,2,760
ALDH1A1,2,760
ALDH1A1_ENST00000428593,1,760
ALDH1A2,1,760
ALDH7A1,1,760
ALDH7A1_ENST00000447989,1,760
ALDH8A1,1,760
ALG13,1,760
ALG13_ENST00000251943,2,760
ALG13_ENST00000394780,1,760
ALG5,1,760
ALG6,1,760
ALK,343,4788
ALOX15B,1,760
ALPK2,1,760
ALPK2_ENST00000361673,1,760
ALS2,2,760
ALS2CL,1,760
ALS2CR12,1,760
ALS2CR8,1,760
ALS2_ENST00000467448,1,760
AMAC1,1,760
AMACR,1,760
AMELX,1,760
AMER1,1,760
AMIGO1,1,760
AMMECR1,2,760
AMOT,1,760
AMOTL1,3,760
AMOTL2,1,760
AMOT_ENST00000371959,1,760
AMTN,2,760
AMY2B,1,760
AMZ2,1,760
ANAPC2,1,760
ANAPC5,1,760
ANGPTL3,1,760
ANGPTL4,1,760
ANK3,3,760
ANKIB1,2,760
ANKLE2,1,760
ANKMY2,1,760
ANKRD1,1,760
ANKRD11,2,760
ANKRD13B,1,760
ANKRD2,2,760
ANKRD20A4,1,760
ANKRD24,1,760
ANKRD24_ENST00000262970,1,760
ANKRD24_ENST00000318934,1,760
ANKRD26,1,760
ANKRD30A,1,760
ANKRD34B,3,760
ANKRD49,1,760
ANKRD50,1,760
ANKRD56,1,760
ANKS4B,1,760
ANKS6,1,760
ANO2,1,760
ANO2_ENST00000327087,1,760
ANO3,1,760
ANO8,2,760
ANPEP,1,760
ANXA10,1,760
ANXA6,1,760
ANXA6_ENST00000354546,1,760
AOAH,1,760
AOC2,1,760
AOC3,2,760
AOX1,2,760
AP1AR,1,760
AP1G1,1,760
AP1M1,1,760
AP1S2,1,760
AP3D1,2,760
AP4E1,1,760
APAF1,2,760
APBA1,1,760
APBB1,1,760
APBB1_ENST00000389906,1,760
APCDD1,1,760
APEH,1,760
API5,1,760
API5_ENST00000531273,1,760
APLF,1,760
APOB,6,760
APOBR,2,760
APOL4_ENST00000352371,1,760
APOM,1,760
APTX,1,760
APTX_ENST00000379813,1,760
AQP1,1,760
AQP1_ENST00000441328,1,760
AQP4,1,760
AQP6,1,760
AR,1,760
ARAP1,2,760
ARAP1_ENST00000393609,2,760
ARAP2,2,760
ARFGEF1,1,760
ARFGEF2,1,760
ARHGAP10,2,760
ARHGAP20,3,760
ARHGAP25_ENST00000409202,1,760
ARHGAP26,1,760
ARHGAP31,1,760
ARHGAP32,1,760
ARHGAP32_ENST00000310343,1,760
ARHGAP4,1,760
ARHGAP44,1,760
ARHGAP4_ENST00000370028,1,760
ARHGAP5,1,760
ARHGAP6,2,760
ARHGAP8,1,760
ARHGDIB,1,760
ARHGDIG,1,760
ARHGEF10L,2,760
ARHGEF10L_ENST00000361221,2,760
ARHGEF10L_ENST00000375408,1,760
ARHGEF10L_ENST00000375420,1,760
ARHGEF11,2,760
ARHGEF12,1,760
ARHGEF17,2,760
ARHGEF26,1,760
ARHGEF26_ENST00000356448,1,760
ARHGEF37,1,760
ARHGEF4,1,760
ARHGEF40_ENST00000298694,4,760
ARHGEF9,1,760
ARHGEF9_ENST00000253401,1,760
ARID1A,9,845
ARID1B,2,772
ARID1B_ENST00000346085,2,762
ARID2,2,760
ARID4A,1,760
ARID4A_ENST00000355431,1,760
ARID4B_ENST00000264183,1,760
ARL13B_ENST00000394222,1,760
ARL2,1,760
ARL6IP4,1,760
ARMC4,1,760
ARMC6,1,760
ARMC6_ENST00000535612,1,760
ARMC9,1,760
ARNT,1,760
ARNTL2,1,760
ARPC1A,1,760
ARPC2,1,760
ARPP21,1,760
ARR3,2,760
ARRB2,1,760
ARRDC2,1,760
ARRDC2_ENST00000222250,1,760
ARSD,1,760
ARSG,1,760
ARSI,1,760
ART3,1,760
ARV1,1,760
ARVCF,1,760
AR_ENST00000544984,1,760
ASAH2,1,760
ASAH2_ENST00000395526,1,760
ASAP3,1,760
ASB10,1,760
ASB10_ENST00000420175,1,760
ASB2,1,760
ASB4,2,760
ASH1L,2,760
ASH2L,1,760
ASPHD2,1,760
ASPHD2_ENST00000215906,1,760
ASPM,2,760
ASTE1,1,760
ASXL1,1,760
ASXL3_ENST00000269197,1,760
ASZ1,1,760
ATAD2B_ENST00000238789,1,760
ATAD3B,1,760
ATAD3C,1,760
ATF3,1,760
ATF3_ENST00000366983,1,760
ATG14,1,760
ATG2A,1,760
ATG2B,1,760
ATG4A,1,760
ATG4A_ENST00000372232,1,760
ATG4C,1,760
ATG4C_ENST00000317868,1,760
ATG7,1,760
ATHL1,1,760
ATHL1_ENST00000409548,1,760
ATIC_ENST00000236959,1,760
ATL3,1,760
ATM,3,760
ATMIN,1,760
ATM_ENST00000278616,3,760
ATP10A,2,760
ATP10B,5,760
ATP12A,1,760
ATP13A1,2,760
ATP13A5,3,760
ATP1A2,3,760
ATP2A1,2,760
ATP2A2,1,760
ATP2A3,1,760
ATP2B1,1,760
ATP2B1_ENST00000359142,1,760
ATP2B2,1,760
ATP2B2_ENST00000360273,1,760
ATP2C2,1,760
ATP5J2,1,760
ATP6V1B2,1,760
ATP6V1C2,1,760
ATP6V1C2_ENST00000272238,1,760
ATP6V1E1,1,760
ATP6V1H,1,760
ATP6V1H_ENST00000359530,1,760
ATP7A,1,760
ATP7A_ENST00000341514,1,760
ATP8A1,1,760
ATP8A1_ENST00000264449,1,760
ATP8B1,3,760
ATP8B3,2,760
ATP8B4,2,760
ATP9B,1,760
ATRN,1,760
ATRX,9,853
ATRX_ENST00000373344,7,760
ATXN2L,1,760
ATXN2L_ENST00000395547,1,760
AVIL,2,760
AVL9,1,760
AVL9_ENST00000404479,1,760
AVP,1,760
AVPR1A,2,760
AVPR2,1,760
AXDND1,1,760
AXL,3,760
AZGP1,1,760
AZI1,1,760
AZI1_ENST00000450824,1,760
AZU1,1,760
B3GNT1,1,760
B3GNT5,1,760
B3GNT7,1,760
B3GNT9,1,760
B4GALNT3,2,760
B4GALT1,1,760
B4GALT6,1,760
BAAT,1,760
BAG3,1,760
BAHCC1,1,760
BAIAP3,2,760
BARD1,1,760
BARD1_ENST00000260947,1,760
BAT2D1,1,760
BAT2D1_ENST00000392078,1,760
BBS1,1,760
BBS4,1,760
BBS9,1,760
BBS9_ENST00000242067,1,760
BBX,1,760
BBX_ENST00000325805,2,760
BCAN,2,760
BCAN_ENST00000361588,3,760
BCAS1,3,760
BCAS3,1,760
BCAT2,1,760
BCDIN3D,1,760
BCKDHA,2,760
BCKDHB,1,760
BCL11A,1,760
BCL11A_ENST00000356842,1,760
BCL9_ENST00000234739,1,760
BCLAF1_ENST00000531224,2,760
BCOR,1,770
BDP1,1,760
BEST1,1,760
BEST1_ENST00000449131,1,760
BEST3_ENST00000330891,1,760
BEST4,1,760
BFSP1,1,760
BIRC7,1,760
BIRC8,1,760
BLK,1,760
BLM,1,760
BLNK,1,760
BMP1,1,760
BMP3,2,760
BMP7,1,760
BMPER,1,760
BMPR2,2,760
BMS1,1,760
BMX,1,760
BNIP2,1,760
BNIPL,1,760
BOC,2,760
BOD1L,1,760
BPIL1,1,760
BPTF,3,760
BPTF_ENST00000335221,2,760
BRAF,3,1051
BRCA2,1,771
BRCA2_ENST00000544455,1,761
BRD7,1,760
BRDT,1,760
BRIP1,1,760
BRIP1_ENST00000259008,1,760
BRWD3,2,760
BSN,3,760
BTAF1,1,760
BTBD10,2,760
BTBD2,1,760
BTBD7,1,760
BTD,1,760
BTN3A2,2,760
BTN3A2_ENST00000527422,1,760
BTNL3,1,760
BUB1B,1,760
BUB1B_ENST00000412359,1,760
BUD31,1,760
BYSL,1,760
BZW1,1,760
BZW1_ENST00000452790,1,760
C10orf107,1,760
C10orf112,1,760
C10orf118,1,760
C10orf122,1,760
C10orf122_ENST00000368821,1,760
C10orf125,1,760
C10orf125_ENST00000368552,1,760
C10orf128,1,760
C10orf137,1,760
C10orf140,1,760
C10orf140_ENST00000449193,1,760
C10orf18,1,760
C10orf2,1,760
C10orf76,1,760
C10orf81,1,760
C10orf81_ENST00000369312,1,760
C11orf47,1,760
C11orf57,1,760
C11orf80,1,760
C11orf9,1,760
C11orf96,1,760
C12orf26,1,760
C12orf35,1,760
C12orf40,1,760
C12orf51,1,760
C12orf51_ENST00000377560,1,760
C12orf63,2,760
C12orf66,1,760
C12orf69,1,760
C12orf77,1,760
C14orf1,1,760
C14orf102,1,760
C14orf135,1,760
C14orf135_ENST00000406854,1,760
C14orf159,2,760
C14orf177,1,760
C14orf21,1,760
C14orf43,1,760
C14orf79,1,760
C15orf2,2,760
C15orf23,1,760
C15orf39,4,760
C15orf42,1,760
C16orf45,2,760
C16orf48,1,760
C17orf104,3,760
C17orf39,1,760
C17orf47,1,760
C17orf53,1,760
C17orf70,1,760
C17orf70_ENST00000327787,1,760
C19orf2,1,760
C19orf29,2,760
C19orf29_ENST00000429344,2,760
C19orf40,1,760
C19orf44,1,760
C19orf45,1,760
C19orf50,1,760
C19orf51,1,760
C19orf54,1,760
C19orf54_ENST00000339153,1,760
C19orf57,1,760
C19orf66,1,760
C1QA,1,760
C1QL1,1,760
C1QTNF7,1,760
C1S,2,760
C1orf101,2,760
C1orf101_ENST00000366534,2,760
C1orf105,1,760
C1orf112,1,760
C1orf116,2,760
C1orf124,1,760
C1orf129,1,760
C1orf129_ENST00000367759,1,760
C1orf158,1,760
C1orf174,1,760
C1orf186,1,760
C1orf190,1,760
C1orf198,1,760
C1orf210,1,760
C1orf61,1,760
C1orf84,1,760
C1orf88,1,760
C20orf132_ENST00000400441,1,760
C20orf166,1,760
C20orf29,1,760
C20orf4,1,760
C20orf54,1,760
C20orf71,1,760
C21orf63,1,760
C22orf36,1,760
C22orf43,1,760
C2CD2,2,760
C2CD3,3,760
C2CD3_ENST00000334126,3,760
C2orf15,1,760
C2orf16,3,760
C2orf16_ENST00000408964,3,760
C2orf42,1,760
C2orf63,2,760
C2orf63_ENST00000407122,2,760
C2orf67,1,760
C2orf71,1,760
C2orf89,1,760
C2orf89_ENST00000335459,1,760
C3,2,760
C3orf31,1,760
C3orf32,2,760
C3orf54,1,760
C3orf58,1,760
C3orf70,1,760
C3orf77_ENST00000309765,1,760
C4orf17,1,760
C4orf21_ENST00000505019,1,760
C4orf22,1,760
C4orf36,1,760
C4orf51,1,760
C5orf42,1,760
C5orf42_ENST00000425232,2,760
C5orf64,1,760
C6,1,760
C6orf105,1,760
C6orf114,1,760
C6orf118,1,760
C6orf138,1,760
C6orf154,1,760
C6orf165,1,760
C6orf165_ENST00000369562,1,760
C6orf224,1,760
C6orf25,2,760
C6orf25_ENST00000375806,2,760
C6orf70,1,760
C6orf97,1,760
C7_ENST00000313164,2,760
C7orf31,1,760
C7orf43,1,760
C7orf46,1,760
C7orf57,1,760
C7orf57_ENST00000348904,1,760
C7orf58,1,760
C7orf62,1,760
C7orf63,2,760
C7orf63_ENST00000389297,2,760
C8orf22,1,760
C8orf33,1,760
C8orf37,1,760
C8orf58,2,760
C8orf74,1,760
C8orf80,1,760
C8orf80_ENST00000413272,1,760
C9,1,760
C9orf135,1,760
C9orf150,2,760
C9orf152,1,760
C9orf41,1,760
C9orf41_ENST00000376830,1,760
C9orf43,1,760
C9orf79,2,760
C9orf93,1,760
C9orf96,3,760
C9orf96_ENST00000371957,2,760
CA1,1,760
CA10,1,760
CA11,1,760
CA13,1,760
CA6,1,760
CAB39_ENST00000258418,1,760
CABYR,1,760
CABYR_ENST00000399496,2,760
CACHD1,1,760
CACNA1A,3,760
CACNA1A_ENST00000325084,3,760
CACNA1A_ENST00000357018,3,760
CACNA1A_ENST00000360228,3,760
CACNA1B,4,760
CACNA1C,2,760
CACNA1C_ENST00000344100,2,760
CACNA1C_ENST00000347598,2,760
CACNA1C_ENST00000399617,2,760
CACNA1C_ENST00000399634,1,760
CACNA1E,1,760
CACNA1E_ENST00000367573,1,760
CACNA1F,3,760
CACNA1G,1,760
CACNA1G_ENST00000354983,1,760
CACNA1G_ENST00000359106,1,760
CACNA1H,2,760
CACNA1H_ENST00000348261,1,760
CACNA1H_ENST00000358590,2,760
CACNA1I,1,760
CACNA1I_ENST00000402142,1,760
CACNA1S,4,760
CACNA2D4_ENST00000382722,1,760
CACNB3,3,760
CACNB3_ENST00000536187,2,760
CACNG4,1,760
CACNG6,1,760
CADM3,1,760
CADPS2,2,760
CALD1,1,760
CALHM2,1,760
CALM2,1,760
CALN1,2,760
CALN1_ENST00000395275,2,760
CAMK1G,1,760
CAMK2A,1,760
CAMSAP1,1,760
CAMSAP1L1,1,760
CAMSAP2,1,760
CAMTA2,1,760
CAND1,1,760
CANT1,1,770
CAPN1,1,760
CAPN12,1,760
CAPN13,1,760
CAPN9,1,760
CAPZB,1,760
CARD11,2,770
CARD6,1,760
CARS2,1,760
CASD1,1,760
CASKIN2,1,760
CASP1_ENST00000533400,1,760
CASP8,1,869
CASP8AP2,1,760
CASS4,2,760
CAT,2,760
CATSPER1,1,760
CAV1,1,760
CBL,2,760
CBLB,1,760
CBLC,1,760
CBX1,1,760
CBX2,2,760
CC2D1A,1,760
CC2D1B,1,760
CCAR1,1,760
CCBL2,1,760
CCBP2,1,760
CCDC108,1,760
CCDC109B,1,760
CCDC109B_ENST00000394650,1,760
CCDC111,1,760
CCDC112,1,760
CCDC113,1,760
CCDC129,1,760
CCDC13,2,760
CCDC135,2,760
CCDC140,1,760
CCDC144B,1,760
CCDC149,1,760
CCDC149_ENST00000504487,1,760
CCDC153,1,760
CCDC153_ENST00000503566,1,760
CCDC158,2,760
CCDC164,1,760
CCDC165,2,760
CCDC19,1,760
CCDC28A,1,760
CCDC37,1,760
CCDC39,2,760
CCDC39_ENST00000442201,2,760
CCDC40,1,760
CCDC40_ENST00000374877,1,760
CCDC42,1,760
CCDC54,1,760
CCDC57,1,760
CCDC57_ENST00000389641,1,760
CCDC6,2,760
CCDC64,1,760
CCDC71,1,760
CCDC83,1,760
CCDC87,1,760
CCDC88A,1,760
CCDC88A_ENST00000336838,1,760
CCDC88C,1,760
CCDC88C_ENST00000389857,1,760
CCDC89,1,760
CCDC90A,1,760
CCDC93,1,760
CCDC94,1,760
CCDC99,1,760
CCKBR,1,760
CCKBR_ENST00000525462,1,760
CCL7,2,760
CCNB3,1,760
CCNC_ENST00000520429,1,760
CCNF,1,760
CCNF_ENST00000397066,1,760
CCNG1,1,760
CCNK,1,760
CCPG1,1,760
CCR1,1,760
CCR2,2,760
CCR2_ENST00000445132,2,760
CCT3,1,760
CCT6A,3,760
CD101,1,760
CD163,3,760
CD163L1,1,760
CD163_ENST00000396620,1,760
CD19,2,760
CD1A,1,760
CD1C,2,760
CD1D,1,760
CD22,1,760
CD247,1,760
CD300A,1,760
CD320,1,760
CD33,2,760
CD3EAP,1,760
CD4,1,760
CD48,2,760
CD79A,1,760
CD83,1,760
CD8A,1,760
CDAN1,1,760
CDC23,1,760
CDC27,1,760
CDC27_ENST00000531206,1,760
CDC42BPG_ENST00000342711,2,760
CDC6,1,760
CDCA2,1,760
CDCA7L,2,760
CDH10,2,760
CDH12,2,760
CDH15,1,760
CDH18,1,760
CDH18_ENST00000507958,1,760
CDH2,1,760
CDH23,3,760
CDH23_ENST00000398809,1,760
CDH4,1,760
CDH5,3,760
CDH6,1,760
CDH7,2,760
CDH7_ENST00000323011,2,760
CDH8,1,760
CDH9,2,760
CDHR3,1,760
CDHR3_ENST00000317716,1,760
CDHR5,1,760
CDIPT,1,760
CDK10_ENST00000353379,1,760
CDK12,1,760
CDK5RAP2,1,760
CDKN1A,1,760
CDKN2A,9,1034
CDKN2D,1,760
CDON,1,760
CDSN,1,760
CDYL,2,760
CDYL2,1,760
CEACAM16,1,760
CEACAM16_ENST00000396750,1,760
CEACAM18,1,760
CEACAM18_ENST00000451626,1,760
CEACAM4,1,760
CEACAM5,2,760
CECR2,1,760
CECR2_ENST00000262608,1,760
CECR5,1,760
CEL,1,760
CELF3,1,760
CELSR1,1,760
CELSR2,4,760
CELSR3,2,760
CENPC1,2,760
CENPF,1,760
CENPI,1,760
CENPP,1,760
CEP164,1,760
CEP192,2,760
CEP192_ENST00000506447,2,760
CEP250,1,760
CEP290,4,760
CEP290_ENST00000309041,1,760
CEP350,1,760
CEP350_ENST00000367607,2,760
CEP44,1,760
CEP70,1,760
CEP72,1,760
CEP95,2,760
CEP95_ENST00000556440,2,760
CERCAM,1,760
CERCAM_ENST00000372838,1,760
CERK,1,760
CES1_ENST00000360526,1,760
CES2,1,760
CES3,1,760
CFH,1,760
CFHR5,2,760
CFI,2,760
CFTR,1,760
CGNL1,1,760
CHD2,1,760
CHD2_ENST00000394196,1,760
CHD6,2,760
CHD8,2,760
CHD8_ENST00000430710,2,760
CHD9,1,760
CHEK2,1,760
CHL1,2,760
CHML,1,760
CHMP2A,2,760
CHMP4C,1,760
CHMP5,1,760
CHN2,1,760
CHN2_ENST00000409041,1,760
CHP2,1,760
CHPF,1,760
CHPF2,1,760
CHRD,1,760
CHRDL2,1,760
CHRM5,2,760
CHRNA10,1,760
CHRNA3,1,760
CHRNA4,1,760
CHRNB2,1,760
CHRNB4,1,760
CHST11,1,760
CHST3,1,760
CHST4,1,760
CHST9,1,760
CHST9_ENST00000284224,1,760
CIC,1,760
CIDEC,2,760
CILP2,2,760
CIRH1A,1,760
CKAP2,1,760
CLASP1,2,760
CLASP2,1,760
CLCA1,1,760
CLCA4,3,760
CLCC1,1,760
CLCN3,2,760
CLCN4,1,760
CLCN7,1,760
CLDN25,1,760
CLDN7,1,760
CLEC10A,1,760
CLEC16A,1,760
CLEC1A,1,760
CLEC4C,2,760
CLEC4F,1,760
CLEC4M,1,760
CLGN,1,760
CLINT1,1,760
CLINT1_ENST00000523094,1,760
CLK1_ENST00000434813,1,760
CLK4_ENST00000316308,1,760
CLP1,1,760
CLPTM1,1,760
CLPTM1L,2,760
CLPTM1_ENST00000347493,1,760
CLRN1,1,760
CLSPN,1,760
CLSPN_ENST00000251195,1,760
CLTCL1,1,760
CLTC_ENST00000269122,2,760
CMAS,1,760
CMTM5,1,760
CMTM5_ENST00000339180,1,760
CMYA5,3,760
CMYA5_ENST00000446378,3,760
CNGA3,1,760
CNN2,1,760
CNNM1,1,760
CNNM1_ENST00000356713,1,760
CNNM4,2,760
CNOT4,1,760
CNOT4_ENST00000315544,1,760
CNOT6,2,760
CNR2,1,760
CNR2_ENST00000374472,1,760
CNTF,1,760
CNTN1,1,760
CNTN1_ENST00000547849,1,760
CNTN4_ENST00000418658,1,760
CNTN6,1,760
CNTNAP1,1,760
CNTNAP2,1,760
CNTNAP3,1,760
CNTNAP5,2,760
CNTRL_ENST00000373855,1,760
COBL,2,760
COBL_ENST00000395540,1,760
COBL_ENST00000395542,1,760
COBRA1,1,760
COG1,1,760
COG2,1,760
COG5,1,760
COIL,2,760
COL11A1,4,760
COL11A1_ENST00000370096,4,760
COL11A2,1,760
COL12A1,2,760
COL13A1,1,760
COL13A1_ENST00000398978,1,760
COL14A1,3,760
COL15A1,1,760
COL17A1,1,760
COL1A1,4,760
COL20A1,1,760
COL27A1,2,760
COL28A1,2,760
COL3A1,3,760
COL4A1,5,760
COL4A1_ENST00000375815,3,760
COL4A3,3,760
COL4A3_ENST00000328380,3,760
COL4A5,2,760
COL4A5_ENST00000328300,1,760
COL5A1,2,760
COL5A2,2,760
COL5A3,3,760
COL6A1,1,760
COL6A3,2,760
COL6A5,1,760
COL6A6,6,760
COL6A6_ENST00000358511,6,760
COL7A1,3,760
COL8A2,1,760
COLQ,1,760
COLQ_ENST00000383781,1,760
COMMD1,1,760
COMMD2,1,760
COMMD4,1,760
COMMD5,1,760
COMMD8,1,760
COQ4,1,760
CORIN,1,760
COX11,1,760
CPA1,1,760
CPA5,1,760
CPAMD8,3,760
CPB2,1,760
CPEB2,1,760
CPEB3,2,760
CPEB4,1,760
CPLX2,1,760
CPLX2_ENST00000359546,1,760
CPLX4,1,760
CPM,1,760
CPNE6,2,760
CPNE9,1,760
CPS1,2,760
CPS1_ENST00000430249,2,760
CPSF3,1,760
CPT1A,1,760
CPT1B,1,760
CPVL,1,760
CPXM1,1,760
CPXM2,1,760
CR1L,1,760
CR1L_ENST00000508064,1,760
CR2,4,760
CRB1,2,760
CRB2,1,760
CREB5,3,760
CREB5_ENST00000396298,2,760
CREBBP,2,770
CRHR1,2,760
CRIM1,2,760
CRIPAK,1,760
CRISP3,1,760
CRLF1,1,760
CRMP1,1,760
CRNKL1,1,760
CRNN,2,760
CROT,1,760
CRSP3,1,760
CRTAC1,2,760
CRX,1,760
CRY2_ENST00000443527,1,760
CRYBG3,1,760
CRYGD,1,760
CSAD,1,760
CSAD_ENST00000267085,1,760
CSF1,2,760
CSF1R,1,760
CSF1R_ENST00000286301,1,760
CSF2RA,1,760
CSF2RA_ENST00000355432,1,760
CSF2RA_ENST00000381509,1,760
CSMD1_ENST00000318252,1,760
CSMD1_ENST00000537824,1,760
CSMD2,2,760
CSMD2_ENST00000373381,1,760
CSMD3,2,760
CSMD3_ENST00000343508,2,760
CSN1S1,2,760
CSNK1G2,1,760
CSNK1G3,1,760
CSNK2A1,2,760
CSPG4,4,760
CSRP2BP,3,760
CST3,1,760
CST4,1,760
CTAGE1,2,760
CTAGE1_ENST00000391403,2,760
CTBS,1,760
CTC1,1,760
CTDNEP1,1,760
CTDP1,1,760
CTDSPL2,2,760
CTGF,1,760
CTH,1,760
CTLA4,1,760
CTNNA3,2,760
CTNNA3_ENST00000433211,2,760
CTNNAL1,1,760
CTNNBL1,1,760
CTNND2,2,760
CTNS,1,760
CTNS_ENST00000381870,1,760
CTSG,3,760
CTSZ,1,760
CTTNBP2,2,760
CUBN,2,760
CUEDC1,2,760
CUEDC2,1,760
CUL3,1,760
CUL5,1,760
CUL7,1,760
CUL9,3,760
CUX2,1,760
CWC22,2,760
CX3CL1,1,760
CXCL13,1,760
CXCR7_ENST00000272928,2,760
CXXC1,1,760
CXXC4,1,760
CXorf1,2,760
CXorf57,1,760
CYB561D2,1,760
CYB5D2,1,760
CYB5R1,1,760
CYC1,1,760
CYP11A1,2,760
CYP11B2,1,760
CYP17A1,2,760
CYP1A1,4,760
CYP20A1,1,760
CYP21A2,1,760
CYP27A1,1,760
CYP27B1,1,760
CYP27C1,1,760
CYP2A13,1,760
CYP2A7P1,1,760
CYP2C19,1,760
CYP2C8,1,760
CYP2C9,2,760
CYP2E1,2,760
CYP3A5,1,760
CYP3A7,1,760
CYP46A1,1,760
CYP4A11,1,760
CYP4B1,1,760
CYP4F22,2,760
CYP4F8,1,760
DAAM1,2,760
DAB2,3,760
DACT1,2,760
DAG1,1,760
DARC_ENST00000368121,1,760
DAXX,1,771
DBF4,1,760
DCAF10,1,760
DCAF12L1,1,760
DCAF13,1,760
DCAF15,1,760
DCAKD,1,760
DCDC1,1,760
DCDC2,1,760
DCHS1,2,760
DCHS2,2,760
DCHS2_ENST00000339452,1,760
DCP1A,1,760
DCP1B,1,760
DCP1B_ENST00000397173,1,760
DCT,1,760
DCTN1,2,760
DCT_ENST00000446125,1,760
DCUN1D4,1,760
DCUN1D4_ENST00000451288,1,760
DDB1,2,760
DDB2,1,760
DDI1,1,760
DDI1_ENST00000302259,1,760
DDN,1,760
DDOST,1,760
DDR2,2,760
DDR2_ENST00000367922,2,760
DDX1,1,760
DDX20,1,760
DDX27,1,760
DDX39A,1,760
DDX3X,1,770
DDX46,1,760
DDX5,1,760
DDX54,2,760
DDX55,1,760
DDX58,2,760
DDX5_ENST00000540698,1,760
DDX60,3,760
DDX60L,1,760
DDX60_ENST00000393743,3,760
DEDD,1,760
DEF6,1,760
DEFB113,1,760
DEFB115,2,760
DEFB121,1,760
DENND1A,1,760
DENND1C,1,760
DENND1C_ENST00000381480,1,760
DENND2C,1,760
DENND3,3,760
DENND4B,1,760
DENND4B_ENST00000361217,1,760
DEPDC5,2,760
DEPDC5_ENST00000535622,2,760
DEPDC7,1,760
DEPDC7_ENST00000241051,1,760
DEPTOR,1,760
DERA,1,760
DFNA5,1,760
DGAT2L6,1,760
DGKA,1,760
DGKG,2,760
DGKH,1,760
DGKI,1,760
DGKI_ENST00000288490,1,760
DHDH,1,760
DHPS,1,760
DHRS3,1,760
DHRS4,1,760
DHRS7,1,760
DHTKD1,1,760
DHX34,1,760
DHX35,1,760
DHX36,1,760
DHX36_ENST00000544526,1,760
DHX37,1,760
DHX58,2,760
DHX8,1,760
DHX9,2,760
DIAPH3,1,760
DICER1,1,770
DIDO1,1,760
DIO1,1,760
DIO1_ENST00000361921,1,760
DIO3,1,760
DIO3_ENST00000510508,1,760
DIP2B,1,760
DIS3L,2,760
DIS3L_ENST00000319212,2,760
DKC1,1,760
DKK1,1,760
DKK2,3,760
DLC1,1,760
DLG5,2,760
DLGAP3,1,760
DLGAP4,2,760
DLL1,1,760
DLX5,1,760
DMBT1,2,760
DMBT1_ENST00000368909,3,760
DMBT1_ENST00000368915,2,760
DMP1,2,760
DMRT1,1,760
DMRT3,1,760
DMRT3_ENST00000417254,1,760
DMRTB1,1,760
DMRTC2,1,760
DMXL1,5,760
DNAH1,4,760
DNAH10,1,760
DNAH10_ENST00000409039,2,760
DNAH10_same_name,1,760
DNAH11,5,760
DNAH14_ENST00000430092,1,760
DNAH17,2,760
DNAH1_ENST00000420323,4,760
DNAH2,5,760
DNAH3,7,760
DNAH3_ENST00000261383,7,760
DNAH5,6,760
DNAH7,2,760
DNAH8,2,760
DNAH8_ENST00000359357,2,760
DNAH8_ENST00000449981,1,760
DNAH9,3,760
DNAI1,1,760
DNAJB9,1,760
DNAJC1,1,760
DNAJC13,1,760
DNAJC13_ENST00000260818,1,760
DNAJC14,1,760
DNAJC16,2,760
DNAJC24,1,760
DNAJC3,1,760
DNAJC9,1,760
DNASE1L1,2,760
DNHD1,2,760
DNM1L,2,760
DNM1L_ENST00000553257,1,760
DNMBP,2,760
DNMT1,1,760
DNMT3B,1,760
DNMT3B_ENST00000201963,1,760
DNTT,1,760
DNTTIP1,1,760
DOCK1,1,760
DOCK2,1,760
DOCK3,2,760
DOCK3_ENST00000266037,2,760
DOCK4,1,760
DOCK4_ENST00000437633,1,760
DOCK5,2,760
DOCK8,6,760
DOCK8_ENST00000453981,6,760
DOCK9,1,760
DOCK9_ENST00000376460,1,760
DOCK9_ENST00000448493,1,760
DOHH,1,760
DOK3,1,760
DOPEY1,1,760
DOPEY2,1,760
DPH2,2,760
DPP10,3,760
DPP10_ENST00000410059,3,760
DPP3,2,760
DPP8,1,760
DPY19L1,2,760
DPYD,1,760
DPYSL3,1,760
DPYSL5,1,760
DRD1,1,760
DRD2,1,760
DRG1,1,760
DROSHA,2,760
DRP2,3,760
DSC1,1,760
DSC1_ENST00000257198,1,760
DSC2,2,760
DSC2_ENST00000251081,2,760
DSC3,1,760
DSC3_ENST00000434452,1,760
DSCAML1,2,760
DSG1,1,760
DSG2,1,760
DSG3,2,760
DSG4,3,760
DSG4_ENST00000359747,3,760
DSP,3,760
DSPP,1,760
DSTN,1,760
DST_ENST00000244364,1,760
DST_ENST00000370769,1,760
DTHD1,1,760
DTHD1_ENST00000456874,1,760
DTNA_ENST00000269190,1,760
DTNA_ENST00000315456,1,760
DTNA_ENST00000444659,1,760
DTNBP1,1,760
DTNBP1_ENST00000338950,1,760
DTX2,1,760
DTX3,1,760
DTX3_ENST00000551632,1,760
DTX4,1,760
DTX4_ENST00000227451,1,760
DUOX1,1,760
DUOXA2_ENST00000323030,1,760
DUS3L,1,760
DUSP13_ENST00000372702,1,760
DUSP2,1,760
DUSP22,2,760
DUSP9,1,760
DUXA,1,760
DVL2,1,760
DVL3,1,760
DYNC1H1,1,760
DYNC1I1,1,760
DYNC1LI1,1,760
DYNC2H1_ENST00000398093,1,760
DYRK4,1,760
DYSF,3,760
DZIP1,1,760
DZIP1L,1,760
DZIP1_ENST00000347108,1,760
DZIP3,1,760
E2F7,1,760
E2F7_ENST00000322886,1,760
E4F1_ENST00000301727,2,760
EBF2,1,760
EBF2_ENST00000520164,1,760
EBPL,1,760
ECD,1,760
ECEL1,1,760
ECT2L,1,760
EDAR,1,760
EDG6,1,760
EEF2K,1,760
EEF2K_ENST00000263026,1,760
EFCAB5,1,760
EFHB,1,760
EFHB_ENST00000295824,1,760
EFHC2,1,760
EFNB2,1,760
EFTUD2,1,760
EGF,1,760
EGFL4,1,760
EGFR,2,1042
EGLN2,1,760
EGR1_ENST00000239938,1,760
EGR2,2,760
EGR4,1,760
EGR4_ENST00000545030,1,760
EHBP1L1,1,760
EHD2,1,760
EHF,1,760
EHMT1_ENST00000460843,1,760
EIF2AK2,1,760
EIF2AK3,1,760
EIF2AK3_ENST00000303236,1,760
EIF2AK4,1,760
EIF2B4,1,760
EIF2B4_ENST00000451130,1,760
EIF2B5,1,760
EIF2C3,2,760
EIF2C4,1,760
EIF2D,1,760
EIF3A,1,760
EIF3B,1,760
EIF3G,1,760
EIF3I,1,760
EIF4ENIF1,3,760
EIF5,1,760
ELANE,1,760
ELF4,1,760
ELMO1,1,760
ELN,1,760
ELOVL3,1,760
ELP2,1,760
ELTD1,3,760
EMD,1,760
EMILIN1,1,760
EML3,1,760
EMR1,1,760
EMR3,1,760
ENAM_ENST00000396073,2,760
ENDOU,1,760
ENPEP,1,760
ENPP1,3,760
ENPP2,2,760
ENPP2_ENST00000522826,2,760
ENPP4,1,760
ENPP7,1,760
ENSG00000121031,1,760
ENSG00000131871,1,760
ENSG00000145642,1,760
ENSG00000182957,1,760
ENSG00000198843,1,760
ENSG00000205631,2,760
ENSG00000232861,2,760
ENSG00000257591,1,760
ENTPD4,1,760
ENTPD6,1,760
EOMES,2,760
EP300,2,760
EP400,4,760
EP400_ENST00000333577,1,760
EPB41L2,3,760
EPB41L3,1,760
EPC1,2,760
EPG5,2,760
EPHA2,1,760
EPHA3,2,760
EPHA3_ENST00000452448,1,760
EPHA5,1,760
EPHA8,1,760
EPHB1,1,760
EPHB1_ENST00000398015,1,760
EPHB2,1,760
EPHB2_ENST00000374632,1,760
EPHB4,1,760
EPHX1,1,760
EPHX3,1,760
EPN2,1,760
EPRS,1,760
EPS15L1,1,760
EPS15L1_ENST00000455140,1,760
ERBB3,4,832
ERBB3_ENST00000267101,4,760
ERBB3_ENST00000411731,2,760
ERBB4,2,760
ERCC6,1,760
ERCC6L,1,760
ERI2_ENST00000357967,1,760
ERI3,1,760
ERICH1,1,760
ERN1,3,760
ERN1_ENST00000433197,3,760
ERN2_ENST00000256797,2,760
ESCO2,1,760
ESD,1,760
ESPL1,1,760
ESR1,1,760
ESRRB,1,760
ESRRB_ENST00000380887,1,760
ESYT1,1,760
ESYT1_ENST00000541590,1,760
ETAA1,1,760
ETFA,1,760
ETFDH,1,760
ETV4_ENST00000319349,1,760
EVC,1,760
EVC2,2,760
EVI2B,1,760
EVI5,1,760
EVPL,1,760
EXD3_ENST00000340951,1,760
EXDL2,1,760
EXOC1,3,760
EXOC2,1,760
EXOSC7,1,760
EXOSC8,1,760
EXPH5,1,760
EXTL1,1,760
EXTL3,1,760
EZR,1,760
F13A1,1,760
F13B,1,760
F2R,1,760
F5,2,760
FADS2,1,760
FADS2_ENST00000257261,1,760
FAM102B,1,760
FAM108A1,1,760
FAM111A,1,760
FAM113B,1,760
FAM114A1,1,760
FAM117A,1,760
FAM118A,1,760
FAM120A,1,760
FAM120C,1,760
FAM123B_ENST00000330258,1,760
FAM129A,1,760
FAM129B,1,760
FAM129C,2,760
FAM129C_ENST00000332386,1,760
FAM131B,1,760
FAM131B_ENST00000443739,1,760
FAM135B,2,760
FAM154B,1,760
FAM155B,1,760
FAM160A2,1,760
FAM167A,2,760
FAM168A,1,760
FAM169A,1,760
FAM170A,1,760
FAM170A_ENST00000509264,1,760
FAM171B,1,760
FAM172A,1,760
FAM176A,1,760
FAM179A,1,760
FAM183A,1,760
FAM183A_ENST00000335282,1,760
FAM187B,1,760
FAM190A,2,760
FAM190A_ENST00000432775,1,760
FAM190A_ENST00000509176,2,760
FAM190B,1,760
FAM193B,1,760
FAM194A,1,760
FAM19A3,1,760
FAM19A4,1,760
FAM33A,1,760
FAM40B,1,760
FAM46D,1,760
FAM47A,2,760
FAM47C,4,760
FAM48B2,1,760
FAM50B,2,760
FAM53C,1,760
FAM55A,2,760
FAM57A,1,760
FAM59A,1,760
FAM63A,1,760
FAM65A,3,760
FAM65C,1,760
FAM69C_ENST00000343998,1,760
FAM71A,1,760
FAM71B,2,760
FAM75D1,2,760
FAM75D4,2,760
FAM78A,1,760
FAM82B,2,760
FAM83B,2,760
FAM83C,1,760
FAM83F,1,760
FAM84B,1,760
FAM86A,1,760
FAM8A1,1,760
FAM91A1,1,760
FAM96A,1,760
FAN1,2,760
FANCB,1,760
FANCD2,1,760
FANCD2_ENST00000419585,1,760
FANCE,1,760
FANCG,1,760
FANCI,2,760
FANCI_ENST00000310775,2,760
FANCM,3,760
FAP,1,760
FAR1,1,760
FARSA,1,760
FASN,1,760
FASTKD1,1,760
FASTKD3,1,760
FAT,1,760
FAT1,1,760
FAT2,8,760
FAT3_ENST00000298047,1,760
FAT3_ENST00000409404,1,760
FAT4,3,760
FAT4_ENST00000394329,3,760
FBLN1,1,760
FBLN1_ENST00000262722,1,760
FBLN1_ENST00000442170,1,760
FBLN2,2,760
FBLN2_ENST00000492059,2,760
FBN1,2,760
FBN2,7,760
FBN2_ENST00000508053,7,760
FBN3,2,760
FBP2,1,760
FBXL13,1,760
FBXL14,1,760
FBXL17,1,760
FBXL17_ENST00000542267,1,760
FBXL2,1,760
FBXL21,1,760
FBXL21_ENST00000297158,1,760
FBXL7,1,760
FBXO11,1,760
FBXO11_ENST00000403359,1,760
FBXO15,2,760
FBXO15_ENST00000419743,1,760
FBXO16_ENST00000380254,1,760
FBXO3,1,760
FBXO32,1,760
FBXO34,1,760
FBXO39,1,760
FBXO42,1,760
FBXO9,1,760
FCAR,1,760
FCER1A,1,760
FCGR2A,1,760
FCGR3B,1,760
FCHO1,1,760
FCHSD2,1,760
FCHSD2_ENST00000409418,1,760
FCRL1,1,760
FCRL1_ENST00000358292,1,760
FCRL2,2,760
FCRL2_ENST00000469986,1,760
FCRL3,2,760
FCRL5,2,760
FCRL6,3,760
FEM1A,2,760
FERMT1,1,760
FGA,1,760
FGD4,1,760
FGD6,1,760
FGF17,1,760
FGF3,2,760
FGF7,1,760
FGFBP2,1,760
FGFR1,2,842
FGFR1OP_ENST00000366847,2,760
FGFR1_ENST00000335922,2,760
FGFR1_ENST00000341462,1,760
FGFR1_ENST00000447712,2,760
FGFR3,1,963
FHDC1,1,760
FHL5,1,760
FHOD3,2,760
FICD,1,760
FILIP1,1,760
FIP1L1_ENST00000337488,1,760
FKBP10,1,760
FLAD1,2,760
FLG,10,760
FLG2,4,760
FLJ10404,1,760
FLJ16360,1,760
FLJ20273,1,760
FLJ41131,1,760
FLNB,2,760
FLNB_ENST00000490882,2,760
FLNC,1,760
FLT3,1,976
FLT4,2,760
FLT4_ENST00000261937,4,760
FLT4_ENST00000376868,1,760
FMN2,3,760
FMO2,1,760
FMO5,1,760
FMO5_ENST00000441068,1,760
FN1,1,760
FN3KRP,1,760
FNBP1L,1,760
FNBP1L_ENST00000271234,1,760
FNDC1,4,760
FNDC3B,2,760
FNDC4,1,760
FNIP1,1,760
FNIP2_ENST00000264433,1,760
FOSL1,1,760
FOSL2,1,760
FOXA1,2,760
FOXA3,2,760
FOXD4,2,760
FOXD4L1,1,760
FOXD4L3,1,760
FOXD4_ENST00000382500,2,760
FOXF1,1,760
FOXH1,1,760
FOXJ2,1,760
FOXK2,1,760
FOXP2,2,760
FOXP4,1,760
FOXR2,1,760
FOXRED1,1,760
FPGS,1,760
FRAS1,4,760
FRAS1_ENST00000264895,4,760
FRAS1_ENST00000325942,2,760
FREM1,1,760
FREM2,5,760
FRMD4B,1,760
FRMD4B_ENST00000398540,1,760
FRMPD1,2,760
FRMPD2,2,760
FRRS1,1,760
FRS2,1,760
FRS2_ENST00000299293,1,760
FRS3,1,760
FRY,1,760
FRYL,2,760
FSCN2,1,760
FSCN2_ENST00000334850,1,760
FSHB,1,760
FSIP2,1,760
FSIP2_ENST00000343098,1,760
FST,1,760
FSTL4,1,760
FUT10,1,760
FUT11,1,760
FUT4,1,760
FUT9,1,760
FXR2,2,760
FYTTD1,1,760
FZD1,1,760
FZD10,1,760
FZD2,1,760
FZD3,1,760
FZD5,1,760
FZD6,1,770
FZD7,2,760
FZR1,2,760
GAA,2,760
GABRA1,2,760
GABRA6,3,760
GABRB2,2,760
GABRB2_ENST00000274547,2,760
GABRE,2,760
GABRE_ENST00000370328,2,760
GABRG1,3,760
GABRQ,3,760
GABRR2,1,760
GAK,2,760
GAL3ST1,2,760
GAL3ST3,3,760
GALNT1,1,760
GALNT10,1,760
GALNT13,1,760
GALNT4,2,760
GALNT5,1,760
GALNTL4,1,760
GAPDH,1,760
GAPDHS,1,760
GARS,2,760
GART,1,760
GAS2L3,1,760
GAS8,1,760
GATAD2A_ENST00000360315,1,760
GATAD2A_ENST00000404158,1,760
GBA2,1,760
GBE1,1,760
GBE1_ENST00000429644,1,760
GBF1,2,760
GBP1,1,760
GBP6,1,760
GC,1,760
GCA,1,760
GCC1,2,760
GCDH,1,760
GCDH_ENST00000457854,1,760
GCM1,1,760
GCN1L1,1,760
GCNT2,1,760
GCNT2_ENST00000265012,1,760
GCNT2_ENST00000379597,1,760
GCNT4,1,760
GC_ENST00000504199,1,760
GDF3,3,760
GDF5,2,760
GDF5OS,2,760
GDF5OS_ENST00000374375,2,760
GDI1,1,760
GDPD4,1,760
GDPD5,1,760
GEMIN5,1,760
GFI1,1,760
GGN,1,760
GGPS1,1,760
GGT6,1,760
GGT7,1,760
GIGYF2,1,760
GIGYF2_ENST00000409451,1,760
GIMAP6,1,760
GIMAP7,1,760
GIMAP8,2,760
GIPR,1,760
GIT1,1,760
GIT1_ENST00000394869,1,760
GIT2,1,760
GIT2_ENST00000547815,1,760
GJA1,2,760
GJA5,1,760
GJB7,1,760
GK2,1,760
GKN2,1,760
GLDC,2,760
GLI1,1,760
GLI3,3,760
GLI4,1,760
GLIS1,2,760
GLIS3,3,760
GLIS3_ENST00000381971,3,760
GLRA3,2,760
GLRA4,1,760
GLRA4_ENST00000372617,1,760
GLRB,1,760
GLT25D2,2,760
GLYAT,1,760
GMCL1,1,760
GMDS,1,760
GMEB2,1,760
GMIP,1,760
GMPPA,1,760
GMPPB,1,760
GNAS,1,760
GNAS_ENST00000371100,1,760
GNB5_ENST00000261837,2,760
GNPDA2,1,760
GOLGA3,1,760
GOLGA3_ENST00000545875,1,760
GOLGA6B,1,760
GOLGA7,1,760
GOLGB1,2,760
GOLIM4,2,760
GOLPH3,1,760
GORASP1,2,760
GOT1L1,2,760
GOT1L1_ENST00000307599,2,760
GPATCH2,1,760
GPATCH4,1,760
GPC2,3,760
GPC3,1,760
GPC4,1,760
GPD1L,1,760
GPD2,1,760
GPM6A,1,760
GPM6B,1,760
GPM6B_ENST00000316715,1,760
GPR101,2,760
GPR110,1,760
GPR111,1,760
GPR111_ENST00000296862,1,760
GPR112,3,760
GPR116,3,760
GPR125,3,760
GPR128,1,760
GPR139,1,760
GPR146,1,760
GPR149,2,760
GPR153,1,760
GPR156,1,760
GPR158,1,760
GPR182,1,760
GPR20,1,760
GPR25,1,760
GPR32,1,760
GPR35,1,760
GPR45,1,760
GPR64,1,760
GPR68,1,760
GPR77,2,760
GPR88,1,760
GPR98,2,760
GPRASP1,2,760
GPRC5A,1,760
GPRC5C,1,760
GPRC5C_ENST00000392629,1,760
GPRC6A,2,760
GPRIN3,2,760
GPSM1,1,760
GPT,1,760
GRAMD1C,1,760
GRAMD2,1,760
GRHL2,1,760
GRIA2,1,760
GRIA2_ENST00000264426,1,760
GRID2,1,760
GRIK2,1,760
GRIK2_ENST00000421544,1,760
GRIN2A,1,760
GRIN2B,1,760
GRIN2D,1,760
GRIPAP1_ENST00000376423,2,760
GRIPAP1_ENST00000376441,2,760
GRK4_ENST00000398052,1,760
GRLF1,2,760
GRLF1_ENST00000317082,2,760
GRM3,1,760
GRM5,1,760
GRM5_ENST00000418177,1,760
GRM6,2,760
GSDMB,1,760
GSDMB_ENST00000418519,1,760
GSDMC,1,760
GSN,1,760
GSPT2,1,760
GSTA1,2,760
GSTA3,1,760
GSTA4,1,760
GSTM5,1,760
GTF3C4,2,760
GTPBP1,2,760
GTPBP10,1,760
GTPBP3,1,760
GTSE1,1,760
GTSE1_ENST00000454366,1,760
GUCY1A2,1,760
GUCY2C,1,760
GUCY2D_ENST00000254854,3,760
GUCY2F,1,760
GYG2,1,760
GYS1,1,760
GZMB,1,760
GZMB_ENST00000382542,1,760
GZMK,1,760
H2AFY2,1,760
HACE1,1,760
HADHA,2,760
HADHA_ENST00000457468,2,760
HADHB,1,760
HADHB_ENST00000545822,1,760
HAL,1,760
HAND2,1,760
HAO1,2,760
HARBI1,1,760
HAUS6,1,760
HBG1,1,760
HCAR2,1,760
HCFC1,1,760
HCFC1_ENST00000310441,1,760
HCFC2,3,760
HCN1,1,760
HCN4,2,760
HCRTR2,2,760
HDAC10,1,760
HDAC2,1,760
HDAC2_ENST00000398283,1,760
HDAC4,1,760
HDAC6,1,760
HDDC2,2,760
HDLBP,1,760
HEATR5A,1,760
HEATR5A_ENST00000389961,1,760
HEATR5B,1,760
HEATR6,1,760
HEATR7B2,2,760
HECTD1,2,760
HECTD3,1,760
HECTD3_ENST00000372172,1,760
HECW1,1,760
HECW1_ENST00000395891,1,760
HELB,3,760
HELT,1,760
HEPH,2,760
HEPHL1,1,760
HERC1,3,760
HERC1_ENST00000443617,3,760
HERC2,2,760
HERC3,2,760
HEYL,1,760
HFE,1,760
HFE2,1,760
HFM1,1,760
HGFAC,1,760
HHIP,1,760
HHLA2,1,760
HHLA2_ENST00000357759,1,760
HIATL1,1,760
HIF1A,2,760
HIF1A_ENST00000539097,1,760
HIF3A,1,760
HIF3A_ENST00000377670,1,760
HIGD1A,1,760
HINT2,1,760
HIPK3,1,760
HIPK4_ENST00000291823,1,760
HIRA,2,760
HIST1H1D,1,760
HIST1H2BD,1,760
HIST1H2BG,2,760
HIST1H4L,1,760
HIST2H2BF,1,760
HIVEP1,2,760
HIVEP2,2,760
HK2,2,760
HK3,1,760
HK3_ENST00000292432,1,760
HLA-A,1,760
HLA-DQA1,1,760
HLCS,1,760
HMCN1,9,760
HMGB3,1,760
HMGCLL1,2,760
HMGCS2,1,760
HMHA1,2,760
HMOX2,1,760
HNF1A,2,760
HNF4A,1,760
HNF4A_ENST00000443598,1,760
HNMT,1,760
HNRNPA0,1,760
HNRNPCL1,1,760
HNRNPM,1,760
HNRNPU,2,760
HNRPU,2,760
HOMEZ,2,760
HOMEZ_ENST00000357460,2,760
HOOK3,1,760
HORMAD1,1,760
HORMAD2,2,760
HOXA1,1,760
HOXA11,1,760
HOXB13,1,760
HOXB5,1,760
HOXB6,2,760
HOXB8,1,760
HOXC11_ENST00000546378,1,760
HOXD1_ENST00000375170,1,760
HP,1,760
HPCA,1,760
HPD,1,760
HPS3,2,760
HPSE,1,760
HRAS,1,996
HRASLS2,1,760
HRASLS5,1,760
HRAS_ENST00000397594,1,760
HRC,1,760
HRH1,2,760
HRNR,4,760
HS3ST1,1,760
HS6ST2,1,760
HS6ST2_ENST00000521489,1,760
HSD11B1,1,760
HSD17B1,1,760
HSD17B10,1,760
HSF2,1,760
HSP90AB1,1,760
HSPA2,1,760
HSPA4,2,760
HSPG2,5,760
HTR1B,1,760
HTR3D,1,760
HTR3D_ENST00000382489,1,760
HTRA1,1,760
HTT,2,760
HUNK,1,760
HUWE1,2,760
HUWE1_ENST00000342160,2,760
HYDIN_ENST00000316490,1,760
IBTK,1,760
ICAM1,1,760
ICAM5,1,760
IDE,1,760
IDH1,2,952
IDH2,1,952
IER5,1,760
IFI44,1,760
IFIH1,1,760
IFIT1B,1,760
IFITM2,1,760
IFLTD1,2,760
IFLTD1_ENST00000458174,2,760
IFNAR1,1,760
IFT172,2,760
IFT172_ENST00000416524,1,760
IFT57,1,760
IFT88,2,760
IGBP1,2,760
IGF2BP1,2,760
IGF2BP2,1,760
IGFALS,1,760
IGFL3,2,760
IGFN1,1,760
IGFN1_ENST00000335211,2,760
IGHMBP2,1,760
IGSF10,1,760
IGSF11,3,760
IGSF11_ENST00000393775,2,760
IGSF21,1,760
IGSF22,3,760
IGSF22_ENST00000513874,3,760
IHH,1,760
IKBKAP,1,760
IKZF1_ENST00000331340,2,760
IKZF3,1,760
IKZF4,2,760
IKZF4_ENST00000262032,2,760
IL11RA_ENST00000555003,1,760
IL12A,1,760
IL12B,2,760
IL12RB1_ENST00000430026,1,760
IL12RB2,1,760
IL13RA1,2,760
IL16,3,760
IL16_ENST00000302987,2,760
IL17F,1,760
IL17RA,1,760
IL18RAP,4,760
IL1A,1,760
IL1B,1,760
IL1RAPL1,1,760
IL1RAPL1_ENST00000378993,1,760
IL1RL2,1,760
IL1RL2_ENST00000441515,1,760
IL20RA,1,760
IL21R_ENST00000395754,1,760
IL28RA,1,760
IL2RG,1,760
IL2RG_ENST00000374202,1,760
IL3,1,760
IL31RA,1,760
IL36G,1,760
IL37,1,760
IL37_ENST00000311328,1,760
IL5RA,1,760
IL7R,1,760
ILDR2,2,760
ILF2,1,760
ILF3,1,760
ILK_ENST00000299421,1,760
IMMT,1,760
IMPA2,1,760
IMPACT,1,760
ING1,1,760
ING1_ENST00000338450,1,760
ING1_ENST00000375774,1,760
ING2,1,760
ING3,1,760
ING4,1,760
INPP5B_ENST00000373026,1,760
INPP5D_ENST00000359570,2,760
INPP5F,2,760
INPP5F_ENST00000369080,1,760
INPP5J,1,760
INPPL1,2,760
INSR,1,760
INSR_ENST00000302850,1,760
INTS1,6,760
INTS5,2,760
INTS8,1,760
IP6K1,1,760
IPCEF1,1,760
IPO13,1,760
IPO5,3,760
IPO7,2,760
IPPK,2,760
IQCA1,2,760
IQCA1_ENST00000409907,2,760
IQCD,1,760
IQCD_ENST00000416617,1,760
IQCF1,1,760
IQCG,2,760
IQGAP1,2,760
IQGAP2,1,760
IQGAP3,1,760
IQSEC2,1,760
IQSEC2_ENST00000396435,1,760
IQSEC3,1,760
IQSEC3_ENST00000538872,1,760
IQUB,1,760
IRF2BP1,1,760
IRF2BPL,1,760
IRF4_ENST00000380956,1,760
IRF5,2,760
IRF6,1,760
IRF8,1,760
IRS1,2,760
IRS4,2,760
ISCA2,1,760
ISL1,1,760
ISM1,3,760
ISM2,1,760
ISOC1,1,760
ISX,1,760
ITGA10,2,760
ITGA11,1,760
ITGA2,2,760
ITGA2B,1,760
ITGA2_ENST00000296585,2,760
ITGA3,1,760
ITGA3_ENST00000320031,1,760
ITGA5,2,760
ITGA6,2,760
ITGA6_ENST00000409080,3,760
ITGA7,1,760
ITGA7_ENST00000553804,1,760
ITGA8,1,760
ITGAE,1,760
ITGAM,1,760
ITGAX,1,760
ITGB1,1,760
ITGB4,3,760
ITGBL1,1,760
ITIH2,1,760
ITIH4,1,760
ITIH5L,1,760
ITIH5_ENST00000397145,1,760
ITPA,1,760
ITPKB,1,760
ITPKB_ENST00000429204,2,760
ITPR1,1,760
ITPR3,1,760
ITPR3_ENST00000374316,1,760
ITSN1,1,760
ITSN1_ENST00000381285,1,760
IVD,1,760
IVL,1,760
IZUMO1,1,760
JAK3,1,770
JAK3_ENST00000458235,1,761
JAKMIP1,1,760
JAKMIP1_ENST00000409021,1,760
JAKMIP2,2,760
JAKMIP2_ENST00000507386,1,760
JAKMIP3,1,760
JARID2,1,760
JMJD7,1,760
JMJD7-PLA2G4B,1,760
JMJD7-PLA2G4B_ENST00000542534,1,760
JMJD8,1,760
JMJD8_ENST00000293882,1,760
JMY_ENST00000396137,1,760
JUB,1,760
JUP,1,760
KALRN,1,760
KALRN_ENST00000360013,2,760
KANK1,2,760
KANK1_ENST00000382303,3,760
KAT8,1,760
KATNAL1,1,760
KATNAL2,1,760
KAZALD1,1,760
KBTBD4,1,760
KBTBD7,1,760
KBTBD8,1,760
KBTBD8_ENST00000417314,1,760
KCNA1,1,760
KCNA4,1,760
KCNA5,1,760
KCNA7,1,760
KCNC3,1,760
KCND2,1,760
KCNF1,1,760
KCNG3,1,760
KCNH2,1,760
KCNH3,2,760
KCNH4,4,760
KCNH6,1,760
KCNH8,1,760
KCNIP1,1,760
KCNJ10,1,760
KCNJ15,1,760
KCNJ4,1,760
KCNJ9,1,760
KCNK10,1,760
KCNK10_ENST00000312350,1,760
KCNK10_ENST00000319231,1,760
KCNK18,1,760
KCNK6,1,760
KCNMB3,1,760
KCNMB3_ENST00000349697,1,760
KCNMB3_ENST00000392685,1,760
KCNMB3_ENST00000497599,1,760
KCNN1,1,760
KCNN1_ENST00000222249,1,760
KCNN3,2,760
KCNN3_ENST00000361147,1,760
KCNN4,1,760
KCNQ2,1,760
KCNQ2_ENST00000354587,1,760
KCNQ2_ENST00000359689,1,760
KCNQ3,1,760
KCNS2,2,760
KCNS3,1,760
KCNT1,1,760
KCNU1,1,760
KCNU1_ENST00000399881,1,760
KCTD10,1,760
KCTD10_ENST00000545759,1,760
KCTD18,2,760
KCTD19,1,760
KCTD21,1,760
KCTD3,1,760
KCTD8,1,760
KDELR2,1,760
KDELR3,1,760
KDELR3_ENST00000409006,1,760
KDM1B,1,760
KDM1B_ENST00000388870,1,760
KDM2B,1,760
KDM2B_ENST00000377071,1,760
KDM4E,1,760
KDM4E_ENST00000450979,1,760
KDM5A,5,760
KDM5A_ENST00000399788,5,760
KDM5B_ENST00000367265,1,760
KDM6A,1,765
KDR,1,760
KEAP1,1,760
KHNYN,1,760
KIAA0040,1,760
KIAA0100,1,760
KIAA0226,1,760
KIAA0226_ENST00000273582,1,760
KIAA0232,1,760
KIAA0240,1,760
KIAA0284,1,760
KIAA0284_ENST00000414716,1,760
KIAA0317,1,760
KIAA0319,3,760
KIAA0319L,1,760
KIAA0319L_ENST00000325722,1,760
KIAA0368,2,760
KIAA0408,1,760
KIAA0415_ENST00000450194,1,760
KIAA0528,1,760
KIAA0586,1,760
KIAA0586_ENST00000261244,1,760
KIAA0649,1,760
KIAA0701,1,760
KIAA0889,1,760
KIAA0889_ENST00000279034,1,760
KIAA0913,2,760
KIAA0913_ENST00000398706,2,760
KIAA0913_ENST00000412131,2,760
KIAA0947,1,760
KIAA0947_ENST00000296564,1,760
KIAA1009,1,760
KIAA1033,1,760
KIAA1109,8,760
KIAA1109_ENST00000455637,1,760
KIAA1217,1,760
KIAA1244,1,760
KIAA1267,1,760
KIAA1310,2,760
KIAA1377,2,760
KIAA1409,2,760
KIAA1467,1,760
KIAA1468,1,760
KIAA1486,1,760
KIAA1509,1,760
KIAA1524,1,760
KIAA1549_ENST00000242365,1,760
KIAA1549_ENST00000422774,1,760
KIAA1586,1,760
KIAA1671,1,760
KIAA1683,1,760
KIAA1683_ENST00000392413,1,760
KIAA1737,1,760
KIAA1804,1,760
KIAA1913,1,760
KIAA1919,1,760
KIAA1967,1,760
KIAA1984,1,760
KIAA2022,1,760
KIAA2026_ENST00000399933,1,760
KIF13A,1,760
KIF13A_ENST00000259711,1,760
KIF15,1,760
KIF16B,2,760
KIF16B_ENST00000408042,1,760
KIF20A,1,760
KIF21A,1,760
KIF21B,3,760
KIF26A,1,760
KIF26B,1,760
KIF26B_ENST00000407071,1,760
KIF2B,2,760
KIF2C,1,760
KIF4A,1,760
KIFC2,1,760
KIFC3,1,760
KIR3DL1_ENST00000391728,1,760
KIR3DL1_ENST00000402254,1,760
KIRREL,1,760
KIRREL3,1,760
KIRREL3_ENST00000525144,1,760
KIRREL3_ENST00000525704,1,760
KIRREL_ENST00000368173,1,760
KIT,2,1022
KL,1,760
KLB,1,760
KLF4,2,760
KLF7,1,760
KLHDC7B,3,760
KLHL15,1,760
KLHL20,1,760
KLHL25,1,760
KLHL26,1,760
KLHL31,1,760
KLHL32,1,760
KLHL33,1,760
KLHL33_ENST00000344581,1,760
KLHL5,1,760
KLHL6,1,760
KLHL8,1,760
KLK14,2,760
KLK14_ENST00000391802,2,760
KLK4,1,760
KLK5,1,760
KLK8,1,760
KLRG2,1,760
KMT2A,2,760
KMT2C,1,760
KMT2D,2,760
KNDC1,2,760
KNDC1_ENST00000368572,1,760
KNG1_ENST00000265023,1,760
KNTC1,1,760
KPNA5,1,760
KPNB1_ENST00000290158,1,760
KRAS,1,996
KRI1,1,760
KRIT1,1,760
KRT1,2,760
KRT10,2,760
KRT24,2,760
KRT25,1,760
KRT26,1,760
KRT27,1,760
KRT3,2,760
KRT31,1,760
KRT31_ENST00000251645,1,760
KRT34,1,760
KRT35,1,760
KRT38,1,760
KRT4,1,760
KRT6B,1,760
KRT6C,2,760
KRT71,3,760
KRT72,1,760
KRT79,1,760
KRT9,1,760
KRTAP1-5,1,760
KRTAP10-1,1,760
KRTAP10-11,1,760
KRTAP16-1,1,760
KRTAP19-4,2,760
KRTAP19-5,1,760
KRTAP20-1,1,760
KRTAP3-1,1,760
KRTAP4-4,2,760
KRTAP4-5,1,760
KRTAP5-10,1,760
KRTAP5-5,2,760
KRTAP5-9,1,760
KRTAP9-9,2,760
KSR2,1,760
KSR2_ENST00000302438,1,760
KTN1_ENST00000416613,2,760
KYNU,2,760
KYNU_ENST00000375773,1,760
L1CAM,2,760
L1TD1,1,760
L3MBTL3,1,760
LACE1,1,760
LAMA1,1,760
LAMA3,3,760
LAMA3_ENST00000269217,1,760
LAMA5,2,760
LAMB1,1,760
LAMB2,4,760
LAMC2,1,760
LAMC3,3,760
LARP1,1,760
LARP1_ENST00000336314,1,760
LARP6,1,760
LARS,1,760
LATS2,3,760
LATS2_ENST00000382592,3,760
LAYN,1,760
LBX1,1,760
LCAT,1,760
LCE1E,1,760
LCE4A,1,760
LCMT2,1,760
LCN12,1,760
LCN6,1,760
LCNL1,1,760
LCT,1,760
LDHC,1,760
LDLR,1,760
LECT1,1,760
LECT2,1,760
LEF1,1,760
LEF1_ENST00000510624,1,760
LELP1,1,760
LEMD3,1,760
LENG1,1,760
LENG8,2,760
LEPR,1,760
LEPREL1,1,760
LEPR_ENST00000344610,1,760
LEPR_ENST00000349533,1,760
LETM2,1,760
LETM2_ENST00000379957,1,760
LEUTX,1,760
LGI1,1,760
LHFPL1,1,760
LHX4,1,760
LILRA1,1,760
LILRA4,2,760
LILRA5,1,760
LILRB1,5,760
LIMD1,1,760
LIMK2,1,760
LIN37,1,760
LINGO2,4,760
LINGO2_ENST00000379992,4,760
LIPG,1,760
LITAF,1,760
LIX1L,1,760
LLGL2,4,760
LLGL2_ENST00000167462,4,760
LMBRD2,1,760
LMO3,1,760
LMO7,1,760
LMOD1,1,760
LMTK3_ENST00000270238,1,760
LNX1,2,760
LNX1_ENST00000263925,1,760
LOC158730,1,760
LOC223075,1,760
LOC283232,1,760
LOC442444,4,760
LOC493829,1,760
LOC51059,2,760
LOC51321,1,760
LOC56901,1,760
LOC652153,1,760
LOC728378,1,760
LOC91807,1,760
LONRF1,2,760
LOXHD1,1,760
LPA,2,760
LPAR4,1,760
LPCAT2,1,760
LPIN1,2,760
LPIN2,2,760
LPO,1,760
LRBA,1,760
LRCH1,1,760
LRCH3,1,760
LRFN2,1,760
LRFN4,1,760
LRG1,1,760
LRIF1,3,760
LRIG3,1,760
LRP1,1,760
LRP10,1,760
LRP12,1,760
LRP1B,10,760
LRP2,3,760
LRP2BP,1,760
LRP3,1,760
LRP4,1,760
LRP5,1,760
LRP5L,1,760
LRP6,4,760
LRPAP1,1,760
LRRC15,1,760
LRRC15_ENST00000439944,1,760
LRRC16B,1,760
LRRC17,1,760
LRRC18,1,760
LRRC19,1,760
LRRC28,1,760
LRRC29,1,760
LRRC37A3,2,760
LRRC55,1,760
LRRC56,1,760
LRRC58,1,760
LRRC7,3,760
LRRC7_ENST00000370958,1,760
LRRC8B,1,760
LRRC8E,2,760
LRRCC1,2,760
LRRCC1_ENST00000414626,2,760
LRRIQ1,2,760
LRRIQ1_ENST00000393217,3,760
LRRTM4,2,760
LRRTM4_ENST00000409093,2,760
LSM2,1,760
LSR,3,760
LTBP1,2,760
LTBP4_ENST00000308370,1,760
LTF,1,760
LTN1,2,760
LTV1,1,760
LUC7L,1,760
LUC7L2,1,760
LUC7L_ENST00000293872,1,760
LUM,1,760
LUZP2,3,760
LY75,4,760
LY9,2,760
LY9_ENST00000368039,1,760
LZTR1,1,760
MACF1,3,760
MACF1_ENST00000361689,3,760
MAD1L1,1,760
MAD2L1BP,1,760
MADD,2,760
MAEL,1,760
MAFK,1,760
MAGEA10,1,760
MAGEA3,1,760
MAGEA4,1,760
MAGEB1,2,760
MAGEB2,1,760
MAGEB2_ENST00000378988,1,760
MAGEC1,4,760
MAGEE1,1,760
MAGEE1_ENST00000361470,1,760
MAGEE2,1,760
MAGI3,1,760
MAGI3_ENST00000307546,2,760
MAGOH,1,760
MAK16,1,760
MAML1,1,760
MAML2,2,760
MAN1B1,1,760
MAN1C1,1,760
MAN2A1,2,760
MAN2A2,3,760
MAN2B1,1,760
MAN2C1,1,760
MAOB,1,760
MAP1B,1,760
MAP2,1,760
MAP2K1,1,958
MAP2K4,1,772
MAP2K6,1,760
MAP2K7,2,770
MAP2K7_ENST00000397983,1,761
MAP2K7_ENST00000545011,1,761
MAP3K12,2,760
MAP3K12_ENST00000547035,2,760
MAP3K2,1,760
MAP3K2_ENST00000409947,1,760
MAP4,2,760
MAP4K5,1,760
MAP4_ENST00000395734,2,760
MAP7,1,760
MAP7D2,1,760
MAP7D2_ENST00000379643,1,760
MAPK11,1,760
MAPK3,1,760
MAPK3_ENST00000263025,1,760
MAPK7,1,760
MAPK9,1,760
MAPK9_ENST00000452135,1,760
MAPK9_ENST00000455781,1,760
MAPKAPK2,1,760
MAPKAPK2_ENST00000294981,1,760
MAPKAPK3_ENST00000446044,1,760
MARCH10,1,760
MARCH6,2,760
MARCH9,1,760
MARCH9_ENST00000548358,1,760
MARCO,1,760
MARK2,1,760
MARK3,1,760
MARK4,1,760
MARK4_ENST00000262891,1,760
MARVELD2,1,760
MAST2_ENST00000361297,1,760
MASTL,1,760
MAT1A,1,760
MATK,1,760
MATK_ENST00000395045,1,760
MATN1,1,760
MATN4,1,760
MATR3,1,760
MAU2,1,760
MAVS,1,760
MB21D2,1,760
MBD1,1,760
MBD1_ENST00000269471,1,760
MBD1_ENST00000339998,1,760
MBD1_ENST00000457839,1,760
MBD5,1,760
MBNL3,1,760
MBNL3_ENST00000370839,1,760
MBOAT1,2,760
MBOAT4,1,760
MBOAT4_ENST00000320542,1,760
MC2R,3,760
MCF2L2,1,760
MCF2L_ENST00000375601,1,760
MCF2L_ENST00000375604,1,760
MCM3AP,1,760
MCM6,1,760
MCMBP,1,760
MCOLN1,1,760
MCOLN2,1,760
MCTP2,1,760
MDH2,1,760
MDN1,4,760
MEAF6,1,760
MECOM,3,760
MED12,1,770
MED12L,2,760
MED13,2,760
MED23,1,760
MED24,1,760
MED25,1,760
MED25_ENST00000312881,1,760
MED7,1,760
MEF2C,2,760
MEF2C_ENST00000424173,2,760
MEF2C_ENST00000437473,2,760
MEF2C_ENST00000504921,1,760
MEGF8,1,760
MEGF8_ENST00000334370,1,760
MERTK,2,760
MESDC2,1,760
MESP2,1,760
MET,4,963
METTL1,1,760
METTL13,1,760
METTL4,1,760
MFAP3L,1,760
MFAP4,1,760
MFAP4_ENST00000395592,1,760
MFN1,1,760
MFRP,1,760
MFSD2B,1,760
MFSD2B_ENST00000338315,1,760
MFSD9,1,760
MGA,3,760
MGAM_ENST00000473011,2,760
MGAM_ENST00000475668,1,760
MGAM_ENST00000549489,2,760
MGAT1,1,760
MGAT3,1,760
MGC33414,2,760
MGC42105,2,760
MIIP,1,760
MINA,1,760
MINK1_ENST00000347992,1,760
MINK1_ENST00000355280,1,760
MINPP1,1,760
MIOS,2,760
MIP,1,760
MIS18BP1,1,760
MITF,1,760
MKI67,5,760
MKL2,1,760
MKRN3,1,760
MLANA,1,760
MLEC,1,760
MLH1,2,760
MLL2_ENST00000301067,2,760
MLL3_ENST00000355193,1,760
MLL4,5,760
MLL5,3,760
MLLT1,2,760
MLLT10_ENST00000307729,1,760
MLLT10_ENST00000377072,1,760
MLLT3,2,760
MLL_ENST00000534358,2,760
MLXIPL,1,760
MLYCD,1,760
MME,1,760
MMP1,2,760
MMP2,1,760
MMP27,1,760
MMP8,1,760
MMRN1,1,760
MMS19,1,760
MN1,2,770
MNDA,2,760
MNT,1,760
MOB2,1,760
MOB2_ENST00000329957,1,760
MOCOS,1,760
MOCS1,2,760
MOCS1_ENST00000340692,2,760
MOGAT1,1,760
MOGAT1_ENST00000446656,1,760
MOGAT3,2,760
MON1B,1,760
MON2,2,760
MORC2,2,760
MORN4,1,760
MORN4_ENST00000307450,1,760
MOSC2,1,760
MOSPD3,2,760
MPDU1,1,760
MPL,1,760
MPND,2,760
MPO,1,760
MPP2,1,760
MPP3,1,760
MPP7,1,760
MPPED2,1,760
MPPED2_ENST00000448418,1,760
MPRIP,2,760
MPV17L2,1,760
MPZL3,3,760
MRI1,2,760
MRI1_ENST00000319545,2,760
MRPL21,1,760
MRPL32,1,760
MRPS18A,1,760
MRPS25,1,760
MRPS27,2,760
MRPS35,2,760
MS4A1,1,760
MS4A14,1,760
MS4A2,1,760
MS4A4A,1,760
MSH2,2,760
MSH4,1,760
MSH6,1,760
MSI2_ENST00000284073,1,760
MSI2_ENST00000322684,1,760
MSLNL,2,760
MSR1,1,760
MSR1_ENST00000381998,1,760
MST1R,1,760
MST1R_ENST00000296474,1,760
MTA2,1,760
MTA3,1,760
MTBP,1,760
MTCH1,1,760
MTERF,1,760
MTF2,1,760
MTHFSD,1,760
MTHFSD_ENST00000381214,1,760
MTIF3,1,760
MTMR10,2,760
MTMR10_ENST00000435680,2,760
MTMR2,1,760
MTMR2_ENST00000346299,1,760
MTMR4,1,760
MTTP,2,760
MTUS2_ENST00000431530,3,760
MUC1,1,760
MUC16,18,760
MUC16_ENST00000331986,14,760
MUC16_ENST00000397910,26,760
MUC17,9,760
MUC4,2,760
MUC4_ENST00000463781,3,760
MUC5AC,4,760
MUC5B,4,760
MUM1L1,2,760
MUM1L1_ENST00000337685,2,760
MUSK,2,760
MX2,2,760
MXRA5,1,760
MXRA5_ENST00000381114,1,760
MYBL1,2,760
MYBPC1,2,760
MYBPC1_ENST00000360610,2,760
MYBPC2_ENST00000357701,1,760
MYC,1,760
MYCBP2,2,760
MYCBP2_ENST00000357337,2,760
MYCBP2_ENST00000407578,3,760
MYCN,5,760
MYC_ENST00000377970,1,760
MYF5,1,760
MYF6,1,760
MYH1,1,760
MYH10,1,760
MYH11,1,760
MYH11_ENST00000396324,1,760
MYH13,2,760
MYH13_ENST00000252172,2,760
MYH14,2,760
MYH14_ENST00000262269,2,760
MYH2,4,760
MYH3,2,760
MYH4,2,760
MYH6,2,760
MYH7,2,760
MYH8,1,760
MYH9,1,760
MYLK,1,760
MYLK2,2,760
MYLK3,1,760
MYO10,2,760
MYO15A,2,760
MYO18A,1,760
MYO18A_ENST00000527372,1,760
MYO1C,1,760
MYO1D,1,760
MYO1F,4,760
MYO3A,2,760
MYO3B,2,760
MYO3B_ENST00000408978,2,760
MYO5A,1,760
MYO5B,1,760
MYO5C,1,760
MYO7B,1,760
MYO7B_ENST00000428314,1,760
MYO9A,1,760
MYO9B_ENST00000319396,1,760
MYOD1,1,760
MYOF,1,760
MYOM1,4,760
MYOM2,2,760
MYOM3,2,760
MYOT,2,760
MYOZ1,1,760
MYOZ3,1,760
MYPN,1,760
MYRIP,1,760
MYST1,2,760
MYT1L,1,760
N4BP2,1,760
N4BP2L1,1,760
N4BP2L1_ENST00000380130,1,760
N6AMT1,1,760
NAA25,1,760
NAA50,1,760
NAALADL1,1,760
NAALADL2,1,760
NADK,2,760
NADK_ENST00000342348,1,760
NADK_ENST00000344463,1,760
NAF1,1,760
NALCN,3,760
NANOS2,1,760
NAP1L3,1,760
NAPEPLD,1,760
NARFL,1,760
NAT2,1,760
NAV1,1,760
NAV2,2,760
NAV3,2,760
NAV3_ENST00000397909,1,760
NBAS,2,760
NBEAL1,1,760
NBEAL1_ENST00000449802,1,760
NBEAL2,1,760
NBEAL2_ENST00000450053,1,760
NBN,1,760
NBR1,1,760
NCAM1,2,760
NCAM1_ENST00000316851,2,760
NCAM1_ENST00000401611,1,760
NCAM1_ENST00000433634,1,760
NCAN,3,760
NCAN_ENST00000539499,3,760
NCAPD2,1,760
NCAPD3,1,760
NCAPG,1,760
NCAPH,2,760
NCBP1,2,760
NCEH1,1,760
NCEH1_ENST00000538775,1,760
NCF1,1,760
NCKAP1L,3,760
NCKAP5,1,760
NCOA2,1,760
NCOA3,2,760
NCOA6,1,760
NCOR2,2,760
NCOR2_ENST00000405201,3,760
NCR3,1,760
NDFIP1,1,760
NDST1,1,760
NDST3,2,760
NDST4,2,760
NDUFA4L2,1,760
NDUFAF1,1,760
NDUFB9,1,760
NEB,3,760
NEB_ENST00000397345,1,760
NEB_ENST00000427231,1,760
NECAP2,1,760
NEDD1,1,760
NEDD4L,3,760
NEDD4L_ENST00000400345,3,760
NEDD9,3,760
NEDD9_ENST00000379446,3,760
NEDD9_ENST00000504387,3,760
NEIL1,1,760
NEIL3,1,760
NEK10,1,760
NEK10_ENST00000341435,1,760
NEK10_ENST00000429845,1,760
NEK11,2,760
NEK1_ENST00000507142,1,760
NEK5,2,760
NEK5_ENST00000355568,2,760
NEK8,1,760
NEK9,2,760
NELL1,1,760
NEMF,1,760
NEO1,1,760
NES,2,760
NETO1,2,760
NETO1_ENST00000397929,2,760
NEURL2,1,760
NF1,7,881
NF1_ENST00000358273,3,760
NFASC,1,760
NFASC_ENST00000339876,1,760
NFASC_ENST00000403080,1,760
NFATC1,2,760
NFATC2,1,760
NFIA,1,760
NFIA_ENST00000371189,1,760
NFKB1,2,760
NFKB2,2,760
NFRKB,1,760
NFYC,1,760
NGEF,1,760
NGEF_ENST00000264051,1,760
NHLRC1,1,760
NHS,1,760
NHS_ENST00000398097,1,760
NID1,1,760
NINL,1,760
NIPAL1,1,760
NIPBL,2,760
NIPBL_ENST00000448238,2,760
NIPSNAP3A,1,760
NIT1,1,760
NIT1_ENST00000368007,1,760
NKD2,1,760
NKTR,2,760
NKX2-1,1,760
NKX2-5,2,760
NKX6-1,2,760
NLE1,1,760
NLGN1,2,760
NLRC3,2,760
NLRC4_ENST00000404025,2,760
NLRC5,3,760
NLRC5_ENST00000436936,1,760
NLRP1,2,760
NLRP11,2,760
NLRP12,1,760
NLRP13,1,760
NLRP14_ENST00000299481,2,760
NLRP1_ENST00000262467,2,760
NLRP1_ENST00000572272,2,760
NLRP3,5,760
NLRP4_ENST00000301295,3,760
NLRP5_ENST00000390649,3,760
NLRP7,2,760
NLRP7_ENST00000328092,1,760
NLRP8_ENST00000291971,2,760
NLRP9,2,760
NMBR,2,760
NMD3,1,760
NMUR1,1,760
NNMT,1,760
NNT,1,760
NOBOX,1,760
NOBOX_ENST00000467773,1,760
NOL6,1,760
NOL8,1,760
NOL8_ENST00000545558,1,760
NOM1,1,760
NOP14,1,760
NOP14_ENST00000398071,1,760
NOS1,1,760
NOS1AP,1,760
NOS1AP_ENST00000361897,1,760
NOS1AP_ENST00000493151,1,760
NOS2,1,760
NOSIP,2,760
NOTCH1,3,952
NOTCH1_ENST00000277541,3,760
NOTCH2,2,760
NOTCH3,2,770
NOTCH3_ENST00000263388,2,760
NOTCH4,1,760
NOX1_ENST00000372966,2,760
NOXA1,1,760
NPAS1,1,760
NPAS3,1,760
NPAS3_ENST00000356141,1,760
NPAS3_ENST00000357798,1,760
NPC1,1,760
NPC1L1,1,760
NPC2,1,760
NPEPL1,1,760
NPFFR2,3,760
NPHP1,5,760
NPHP4,1,760
NPM1,1,760
NPM1_ENST00000393820,1,760
NPNT,1,760
NPR3,1,760
NPSR1,1,760
NPSR1_ENST00000359791,1,760
NPTX2,1,760
NPY1R,2,760
NPY5R,2,760
NQO1,1,760
NR1H3,1,760
NR2C1,1,760
NR2C2AP,1,760
NR3C2,2,760
NR4A2,1,760
NR4A3_ENST00000330847,2,760
NR4A3_ENST00000338488,1,760
NRAP,2,760
NRAS,11,1108
NRG1_ENST00000521670,1,760
NRK_ENST00000428173,1,760
NRL,2,760
NRP2,1,760
NRP2_ENST00000272849,1,760
NSF,1,760
NSMAF,1,760
NSMCE1,1,760
NSRP1,1,760
NSUN4,1,760
NSUN7,1,760
NT5C1B,1,760
NT5C2,1,760
NTF4,1,760
NTNG1,1,760
NTNG1_ENST00000370068,1,760
NTNG1_ENST00000370071,1,760
NTRK2,2,770
NTRK2_ENST00000304053,2,761
NTRK2_ENST00000376214,2,761
NTRK2_ENST00000395882,1,761
NTRK3,1,760
NTRK3_ENST00000317501,1,760
NTRK3_ENST00000360948,1,760
NUCB2,1,760
NUDCD1,1,760
NUDT17,1,760
NUDT19,1,760
NUP155,1,760
NUP160,2,760
NUP160_ENST00000526870,1,760
NUP188,1,760
NUP205,1,760
NUP210,2,760
NUP210L,1,760
NUP54,1,760
NUP85,1,760
NUP88,1,760
NUP93,1,760
NUP98,2,760
NWD1,2,760
NWD1_ENST00000524140,2,760
NXPH2,1,760
NYNRIN,1,760
O3FAR1,2,760
OAS3,1,760
OBSCN,4,760
OBSCN_ENST00000284548,4,760
OBSCN_ENST00000359599,3,760
OBSCN_ENST00000570156,4,760
OCLN,1,760
OCRL,1,760
ODF2,1,760
ODZ1,1,760
ODZ2,1,760
ODZ2_ENST00000518659,1,760
ODZ4,3,760
ODZ4_ENST00000278550,5,760
OFD1,1,760
OGT,1,760
OGT_ENST00000373719,1,760
OIT3,1,760
OLFML2A,1,760
ONECUT1,1,760
OPA1,1,760
OPA3_ENST00000263275,2,760
OPALIN,1,760
OPALIN_ENST00000419479,1,760
OPHN1,1,760
OPN5,1,760
OPRM1,1,760
OPRM1_ENST00000360422,1,760
OPRM1_ENST00000434900,1,760
OR10AG1,1,760
OR10G3,1,760
OR10H1,1,760
OR10H2,1,760
OR10H3,1,760
OR10H4,1,760
OR10J1,1,760
OR10P1,1,760
OR10Q1,1,760
OR10R2,1,760
OR10S1,1,760
OR10V1,1,760
OR10X1,1,760
OR11G2,1,760
OR11H12,1,760
OR11H4,1,760
OR11L1,1,760
OR12D2,1,760
OR13A1,1,760
OR13C4,1,760
OR14A16,3,760
OR14I1,1,760
OR14J1,2,760
OR1A1,1,760
OR1A2,1,760
OR1C1,1,760
OR1D2,1,760
OR1E1,2,760
OR1F1,1,760
OR1I1,1,760
OR1J1,1,760
OR1J2,1,760
OR1L1,1,760
OR1S1,2,760
OR2A12,1,760
OR2A14,1,760
OR2AE1,1,760
OR2AG1,1,760
OR2B3,1,760
OR2C1,1,760
OR2D3,1,760
OR2G2,1,760
OR2H2,1,760
OR2J3,1,760
OR2L3,1,760
OR2M2,1,760
OR2M7,1,760
OR2T1,3,760
OR2T10,1,760
OR2T12,1,760
OR2T3,2,760
OR2T6,1,760
OR2T8,1,760
OR2W1,1,760
OR2Z1,1,760
OR3A1,1,760
OR4A16,1,760
OR4A47,1,760
OR4A5,2,760
OR4C12,2,760
OR4C13,1,760
OR4C15,1,760
OR4C3,1,760
OR4C6,1,760
OR4D1,2,760
OR4D5,1,760
OR4D6,1,760
OR4K17,1,760
OR4K5,1,760
OR4L1,2,760
OR4M1,1,760
OR4N4,1,760
OR4N5,1,760
OR4P4,1,760
OR4Q3,1,760
OR4X1,1,760
OR51A2,1,760
OR51B2,1,760
OR51B4,1,760
OR51D1,1,760
OR51G2,3,760
OR51I2,1,760
OR51M1,1,760
OR51Q1,1,760
OR51V1,1,760
OR52B2,1,760
OR52B2_ENST00000530810,1,760
OR52D1,2,760
OR52E2,1,760
OR52E4,2,760
OR52E6,2,760
OR52E8,1,760
OR52H1,1,760
OR52K1,2,760
OR52K2,1,760
OR52N1,2,760
OR52N2,2,760
OR56A1,1,760
OR56A4,1,760
OR5AP2,1,760
OR5AR1,2,760
OR5B12,1,760
OR5B17,1,760
OR5B21,2,760
OR5B3,1,760
OR5D14,1,760
OR5F1,4,760
OR5H15,1,760
OR5H6,1,760
OR5J2,1,760
OR5L1,3,760
OR5L2,1,760
OR5M1,1,760
OR5M10,1,760
OR5M11,1,760
OR5M1_ENST00000526538,1,760
OR5M8,1,760
OR5P3,1,760
OR5R1,1,760
OR5T1,2,760
OR5T3,1,760
OR6A2,1,760
OR6B1,1,760
OR6B3,1,760
OR6C6,1,760
OR6C70,2,760
OR6K2,1,760
OR6N2,1,760
OR6Q1,2,760
OR7A17,1,760
OR7E24,1,760
OR7G1,2,760
OR8D2,2,760
OR8H1,1,760
OR8H3,1,760
OR8S1,1,760
OR9A2,1,760
OR9G4,1,760
OR9Q1,1,760
OR9Q2,1,760
ORAI3,2,760
ORMDL1,1,760
OS9,1,760
OSBP,1,760
OSBPL3,3,760
OSBPL5,1,760
OSBPL7,2,760
OSBPL8,2,760
OSGIN1,2,760
OSMR,1,760
OTOA,1,760
OTOF,1,760
OTOF_ENST00000361394,1,760
OTOG,1,760
OTOGL_ENST00000458043,1,760
OTOL1,1,760
OTOP2,1,760
OTOP3,1,760
OTUD4,1,760
OTUD6A,1,760
OTUD7A,1,760
OVCH1,1,760
OVGP1,3,760
OVGP1_ENST00000369728,3,760
OVOL2,1,760
OXR1,2,760
OXR1_ENST00000442977,2,760
P2RX2,1,760
P2RY10,1,760
PABPC3,1,760
PABPN1,1,760
PACS1,1,760
PACSIN2,1,760
PACSIN3,1,760
PADI4,1,760
PAFAH1B1,1,760
PAICS,1,760
PALB2,2,760
PALLD,1,760
PALM2-AKAP2,1,760
PAN2,1,760
PAN3,1,760
PAN3_ENST00000380958,1,760
PANX1,3,760
PAPLN,1,760
PAPLN_ENST00000427855,1,760
PAPPA,1,760
PAPPA2,2,760
PARD3,2,760
PARD3B,1,760
PARD3B_ENST00000351153,1,760
PARD3B_ENST00000358768,1,760
PARD6B,1,760
PARP10,1,760
PARP14,1,760
PARP14_ENST00000474629,1,760
PARS2,1,760
PASD1,1,760
PASD1_ENST00000370357,1,760
PASK_ENST00000234040,1,760
PAX1,2,760
PAX1_ENST00000398485,1,760
PAX5,2,760
PAX6,1,760
PAXIP1,1,760
PAXIP1_ENST00000397192,1,760
PBRM1,3,760
PBRM1_ENST00000296302,3,760
PBRM1_ENST00000356770,3,760
PBX4,1,760
PCBP4,1,760
PCBP4_ENST00000461554,1,760
PCCB,1,760
PCDH11X,2,760
PCDH11X_ENST00000395337,2,760
PCDH11X_ENST00000504220,1,760
PCDH11Y,1,760
PCDH11Y_ENST00000215473,1,760
PCDH12,1,760
PCDH8,1,760
PCDH9,3,760
PCDHA11_ENST00000398640,1,760
PCDHA5,1,760
PCDHA5_ENST00000529859,1,760
PCDHA6,2,760
PCDHA6_ENST00000529310,2,760
PCDHA8,1,760
PCDHA8_ENST00000531613,1,760
PCDHB10,1,760
PCDHB11,1,760
PCDHB13,1,760
PCDHB14,2,760
PCDHB16,1,760
PCDHB4,1,760
PCDHB5,3,760
PCDHGA10,1,760
PCDHGA11,1,760
PCDHGA2,1,760
PCDHGA6_ENST00000517434,1,760
PCDHGB1,1,760
PCDHGB1_ENST00000523390,1,760
PCDHGB2_ENST00000522605,1,760
PCDHG_cluster,1,760
PCGF6,1,760
PCLO,3,760
PCLO_ENST00000333891,3,760
PCM1,1,760
PCNXL2,2,760
PCNXL3_ENST00000355703,1,760
PCP2,1,760
PCSK5,1,760
PCSK5_ENST00000545128,2,760
PCSK9,2,760
PCSK9_ENST00000452118,1,760
PDCD11,2,760
PDCD1LG2,2,760
PDE4DIP,3,760
PDE6C,1,760
PDE6G,3,760
PDE7A,1,760
PDE7A_ENST00000401827,1,760
PDE8B,3,760
PDGFA,1,760
PDGFA_ENST00000402802,1,760
PDGFC,2,760
PDGFRA,1,1034
PDGFRB,1,760
PDHA1,2,760
PDHA1_ENST00000379806,2,760
PDHA1_ENST00000545074,1,760
PDHA2,1,760
PDIA5,2,760
PDLIM1,1,760
PDLIM2,1,760
PDLIM2_ENST00000308354,1,760
PDPK1,1,760
PDS5A,1,760
PDS5B,1,760
PDSS1,1,760
PDZD2,2,760
PDZD7,1,760
PDZD7_ENST00000393462,1,760
PDZRN3,1,760
PDZRN4,1,760
PDZRN4_ENST00000402685,1,760
PEBP1_ENST00000261313,1,760
PEG3,1,760
PELI1,1,760
PELO,1,760
PER3,1,760
PEX11A,1,760
PEX11B,1,760
PEX5,2,760
PEX6,1,760
PFAS,1,760
PFKFB4,1,760
PFKL,1,760
PFKP,1,760
PFKP_ENST00000381075,1,760
PGAM4,1,760
PGBD2,1,760
PGBD2_ENST00000329291,2,760
PGBD3,1,760
PGK2,1,760
PGLYRP2,1,760
PGLYRP2_ENST00000292609,1,760
PGLYRP3,4,760
PGM2L1,1,760
PGM5,1,760
PHC2,1,760
PHC3,1,760
PHC3_ENST00000495893,1,760
PHEX,1,760
PHF10,1,760
PHF10_ENST00000339209,1,760
PHF11,1,760
PHF15,1,760
PHF20,1,760
PHF21A,2,760
PHF21A_ENST00000418153,2,760
PHF6,1,770
PHF6_ENST00000332070,1,761
PHF6_ENST00000370800,1,761
PHGDH,1,760
PHGDH_ENST00000369407,1,760
PHKA1,2,760
PHKA2,1,760
PHKB_ENST00000299167,1,760
PHKB_ENST00000323584,1,760
PHLDB1,2,760
PHLPP,1,760
PHLPP1,1,760
PHLPP1_ENST00000262719,1,760
PHOX2B,5,1242
PHRF1,3,760
PHRF1_ENST00000264555,3,760
PHYHIP,1,760
PI16,1,760
PI4KA,2,760
PI4KA_ENST00000255882,2,760
PICALM,1,760
PIDD,1,760
PIDD_ENST00000347755,1,760
PIF1_ENST00000268043,2,760
PIGC,1,760
PIGN,1,760
PIGO,1,760
PIGQ,2,760
PIGR,1,760
PIK3AP1,1,760
PIK3C2B,2,760
PIK3C2G,1,760
PIK3C2G_ENST00000433979,1,760
PIK3CA,7,1094
PIK3CA_ENST00000263967,3,760
PIK3CB,3,760
PIK3R5,2,760
PIKFYVE,3,760
PION,1,760
PIP4K2C,1,760
PITPNC1,1,760
PITPNC1_ENST00000580974,1,760
PITPNM1,2,760
PITPNM2,1,760
PITPNM3,2,760
PITX2,1,760
PITX2_ENST00000354925,1,760
PKD1,2,760
PKD1L1,1,760
PKD1L2,1,760
PKD1L2_ENST00000525539,2,760
PKD2L1,1,760
PKD2L2,1,760
PKDREJ,3,760
PKHD1,4,760
PKHD1L1,3,760
PKHD1_ENST00000340994,3,760
PKLR,2,760
PKM,1,760
PKM2,1,760
PKN2,1,760
PKN2_ENST00000316005,1,760
PKP2,1,760
PLA2G4A,2,760
PLA2G4D,2,760
PLA2G4F,2,760
PLA2G6,1,760
PLA2R1,1,760
PLAC8L1,2,760
PLAG1,3,760
PLAG1_ENST00000316981,3,760
PLAUR,1,760
PLCB1,1,760
PLCB1_ENST00000378641,1,760
PLCB2,1,760
PLCB2_ENST00000260402,1,760
PLCB4,1,760
PLCD4,1,760
PLCE1,1,760
PLCE1_ENST00000260766,1,760
PLCE1_ENST00000371375,1,760
PLCG1,1,760
PLCG2,1,760
PLCG2_ENST00000359376,1,760
PLCH1,1,760
PLCH1_ENST00000340059,1,760
PLCL1,1,760
PLCXD2,2,760
PLCZ1,1,760
PLD1,1,760
PLD2,1,760
PLEC,4,760
PLEC_ENST00000345136,4,760
PLEC_ENST00000354589,1,760
PLEC_ENST00000354958,1,760
PLEC_ENST00000356346,1,760
PLEC_ENST00000357649,1,760
PLEC_ENST00000436759,4,760
PLEK,1,760
PLEKHA5,1,760
PLEKHA5_ENST00000429027,1,760
PLEKHA6,1,760
PLEKHA7,1,760
PLEKHG3,2,760
PLEKHG6,1,760
PLEKHG7,1,760
PLEKHH1,1,760
PLEKHH1_ENST00000329153,1,760
PLEKHH2,2,760
PLIN4,2,760
PLIN4_ENST00000301286,3,760
PLIN5,1,760
PLK1,1,760
PLK4,2,760
PLOD1,1,760
PLOD2,1,760
PLSCR1,1,760
PLSCR4,2,760
PLSCR5,1,760
PLUNC,2,760
PLXDC1,1,760
PLXNA2,1,760
PLXNA3,1,760
PLXNB1,1,760
PLXNB2,4,760
PLXNC1,1,760
PLXND1,1,760
PMEL,1,760
PMFBP1,4,760
PML,1,760
PML_ENST00000268059,1,760
PML_ENST00000435786,1,760
PNKD,1,760
PNKD_ENST00000248451,1,760
PNKP,1,760
PNKP_ENST00000322344,1,760
PNLDC1,1,760
PNLIP,1,760
PNLIP_ENST00000369221,1,760
PNMA5,1,760
PNPLA2,1,760
PNPLA5,1,760
PNPLA6,1,760
PNPLA6_ENST00000414982,1,760
PNPLA7,2,760
POC5,1,760
POC5_ENST00000428202,1,760
PODXL,1,760
POF1B,2,760
POFUT2,1,760
POFUT2_ENST00000349485,1,760
POGLUT1,1,760
POLD1,2,760
POLD1_ENST00000440232,2,760
POLDIP3,1,760
POLDIP3_ENST00000339677,1,760
POLE,2,760
POLI,1,760
POLI_ENST00000217800,1,760
POLK,1,760
POLK_ENST00000241436,1,760
POLN,1,760
POLQ,1,760
POLR1E,1,760
POLR2A_ENST00000412468,1,760
POLR2B,1,760
POM121L12,1,760
PON1,2,760
POP1,1,760
POP4,1,760
PORCN,1,760
POTEA,1,760
POTEC,2,760
POTEF,1,760
POTEH,1,760
POU1F1,1,760
POU1F1_ENST00000344265,1,760
POU2AF1,1,760
POU2F1,1,760
POU2F1_ENST00000367866,1,760
POU4F2,1,760
POU6F2,1,760
PPA2,3,760
PPA2_ENST00000310267,1,760
PPA2_ENST00000357415,1,760
PPAN,1,760
PPAN-P2RY11,1,760
PPAPDC1A,2,760
PPAPDC3,1,760
PPARD,2,760
PPARGC1A,1,760
PPBP,1,760
PPFIA1,1,760
PPFIA2,2,760
PPFIA4,2,760
PPFIA4_ENST00000272198,1,760
PPFIBP1,1,760
PPFIBP1_ENST00000318304,1,760
PPFIBP2,1,760
PPID,1,760
PPM1L,1,760
PPM1L_ENST00000498165,1,760
PPP1CA,1,760
PPP1CA_ENST00000312989,1,760
PPP1R12A,2,760
PPP1R16B,1,760
PPP1R1C,1,760
PPP1R3A,1,760
PPP1R3F,2,760
PPP2CB,2,760
PPP2R2D,1,760
PPP2R2D_ENST00000455566,1,760
PPP2R5B,2,760
PPP2R5E,1,760
PPP3R1_ENST00000234310,1,760
PPP4R4,1,760
PPTC7,1,760
PRAME,2,760
PRAMEF10,2,760
PRAMEF11,1,760
PRAMEF12,2,760
PRB1,1,760
PRCP,1,760
PRCP_ENST00000393399,1,760
PRDM1,1,760
PRDM10,1,760
PRDM13,1,760
PRDM15,1,760
PRDM16,1,760
PRDM2,1,760
PRDM4,1,760
PRDM9,1,760
PRELID2,1,760
PREPL,1,760
PREX1,1,760
PREX1_ENST00000396220,1,760
PREX2,1,760
PRG2_ENST00000311862,1,760
PRIC285,2,760
PRICKLE3,1,760
PRIM2,3,760
PRKAA2,2,760
PRKAA2_ENST00000371244,2,760
PRKAB1,1,760
PRKAB2,1,760
PRKACG,3,760
PRKAG3,1,760
PRKCG,2,760
PRKCG_ENST00000540413,2,760
PRKCQ,1,760
PRKCSH,1,760
PRKD1,3,760
PRKD1_ENST00000331968,3,760
PRKD2,1,760
PRKG1,1,760
PRLR,1,760
PRMT8,1,760
PROC,1,760
PROKR2,1,760
PROM2,1,760
PROSC,1,760
PROX1,1,760
PRPF19,1,760
PRPF8,2,760
PRPS2,1,760
PRR14,1,760
PRR16,1,760
PRR19,1,760
PRR23A,1,760
PRR23B,1,760
PRR25,1,760
PRR5-ARHGAP8,1,760
PRR5L,1,760
PRRC1,2,760
PRRC2A,2,760
PRRC2B,1,760
PRRC2B_ENST00000357304,1,760
PRSS12,1,760
PRSS16,3,760
PRSS23,3,760
PRSS35,1,760
PRSS58,1,760
PRUNE2_ENST00000376718,1,760
PRX,2,760
PSD2,1,760
PSD3,1,760
PSD3_ENST00000440756,1,760
PSENEN,1,760
PSG4_ENST00000405312,1,760
PSG6,1,760
PSG8,1,760
PSMC1,1,760
PSMC3,1,760
PSMC4,1,760
PSMD1,1,760
PSMD12,1,760
PSMD8,1,760
PSMD8_ENST00000215071,1,760
PSMD9,1,760
PSMG1,1,760
PSMG2,1,760
PSTPIP1,1,760
PSTPIP1_ENST00000558012,1,760
PTCH1,1,770
PTCH1_ENST00000331920,1,760
PTCH1_ENST00000375274,1,760
PTCH1_ENST00000430669,1,760
PTCHD2,1,760
PTCRA,1,760
PTDSS1,1,760
PTDSS2,1,760
PTEN,2,929
PTF1A,1,760
PTGDR,1,760
PTGER4,2,760
PTGS2,1,760
PTGS2_ENST00000367468,1,760
PTK2_ENST00000395214,1,760
PTK2_ENST00000395218,2,760
PTK6,2,760
PTMA,1,760
PTPN11,11,1223
PTPN12,1,760
PTPN13,2,760
PTPN21,1,760
PTPN23,1,760
PTPN3,1,760
PTPN6,1,760
PTPRB,3,832
PTPRB_ENST00000261266,2,760
PTPRB_ENST00000334414,3,760
PTPRG,1,760
PTPRH,3,760
PTPRJ,1,760
PTPRJ_ENST00000418331,1,760
PTPRK,1,760
PTPRM,2,760
PTPRN,1,760
PTPRO,1,760
PTPRT,1,760
PTPRZ1,1,760
PTPRZ1_ENST00000393386,1,760
PTRHD1,2,760
PUM1,2,760
PUS10,1,760
PVALB,1,760
PVR,1,760
PVRIG,2,760
PWP2,1,760
PXDN,2,760
PXDNL,1,760
PXDNL_ENST00000356297,2,760
PYCR1,1,760
PYCR1_ENST00000337943,1,760
PYGL,1,760
PYGM,1,760
PYGO1,1,760
PYHIN1,2,760
PZP,3,760
PZP_ENST00000381997,3,760
Q5JXA8_HUMAN,2,760
Q6YL47_HUMAN,2,760
Q76B61_HUMAN,1,760
Q7Z2S2_HUMAN,2,760
Q86U89_HUMAN,1,760
Q8N8C9_HUMAN,1,760
Q8N8K0_HUMAN,2,760
Q96CK5_HUMAN,1,760
Q96K91_HUMAN,1,760
Q9Y6V0-3,2,760
QDPR,1,760
QPCTL,1,760
QRICH2,3,760
QSOX1,1,760
R3HDM1,3,760
RAB11B,1,760
RAB27B,1,760
RAB2B,1,760
RAB3GAP2,1,760
RAB3IP,1,760
RAB5A,2,760
RAB5B,1,760
RABGAP1,1,760
RABGAP1_ENST00000373647,1,760
RABGEF1,1,760
RABGGTA,1,760
RAD50,2,760
RAD50_ENST00000265335,2,760
RAD51,1,760
RAD51AP2,1,760
RAD51B,1,760
RAD51B_ENST00000487270,1,760
RAD51B_ENST00000488612,1,760
RAD54B,2,760
RAD54L2,2,760
RAD9B_ENST00000392672,1,760
RAET1G,1,760
RAF1,1,760
RAG1,1,760
RAI1,1,760
RAI14,1,760
RALBP1,2,760
RANBP3,1,760
RANBP6,1,760
RANGAP1,1,760
RAPGEF2,1,760
RAPGEF5,1,760
RAPGEF5_ENST00000344041,1,760
RAPGEF6,2,760
RAPGEF6_ENST00000307984,1,760
RAPGEF6_ENST00000308008,1,760
RAPGEF6_ENST00000509018,1,760
RAPH1,1,760
RAPH1_ENST00000308091,1,760
RARRES3,1,760
RASA1,1,760
RASA1_ENST00000456692,1,760
RASA3,1,760
RASAL2,1,760
RASAL2_ENST00000367649,2,760
RASEF,1,760
RASGRF1,1,760
RASGRP1,1,760
RASGRP3_ENST00000403687,4,760
RASL11B,1,760
RASSF5,1,760
RAX,1,760
RB1CC1,2,760
RBAK_ENST00000396912,1,760
RBM11,1,760
RBM14,1,760
RBM15_ENST00000369784,1,761
RBM19,2,760
RBM20,1,760
RBM22,1,760
RBM26,1,760
RBM26_ENST00000327303,1,760
RBM27,1,760
RBM28,1,760
RBM47,1,760
RBM47_ENST00000381793,1,760
RBM5,1,760
RBMS2,1,760
RBMX2,1,760
RBP5,1,760
RBPMS,1,760
RCAN3,1,760
RCC1,1,760
RCC1_ENST00000373831,1,760
RCC2,1,760
RCL1,1,760
RCOR3,1,760
RECQL5,1,760
REEP3,1,760
RELB,1,760
RELN,4,760
REST,1,760
RET,1,1088
REV3L,3,760
REV3L_ENST00000358835,4,760
REXO1,1,760
RFC2,1,760
RFESD,2,760
RFESD_ENST00000458310,2,760
RFPL2,1,760
RFPL2_ENST00000248980,1,760
RFPL2_ENST00000400237,2,760
RFPL4B,1,760
RFTN1,1,760
RFX1,1,760
RFX2,1,760
RFX3,1,760
RFX3_ENST00000382004,1,760
RFX4,1,760
RFX4_ENST00000229387,1,760
RFX4_ENST00000357881,1,760
RFX7,1,760
RFX7_ENST00000423270,1,760
RG9MTD1,1,760
RGL3,1,760
RGL3_ENST00000380456,1,760
RGL4,2,760
RGR,1,760
RGS11,1,760
RGS12,2,760
RGS13,1,760
RGS17,1,760
RGS5,1,760
RHAG,1,760
RHBDF1,1,760
RHBDF2,1,760
RHBDL1,1,760
RHBDL1_ENST00000352681,1,760
RHCG,1,760
RHOC,1,760
RHOF,1,760
RIBC1,1,760
RIBC1_ENST00000375327,1,760
RIBC2,1,760
RIMBP2,2,760
RIMS1,2,760
RIMS2,1,760
RIMS2_ENST00000402998,1,760
RIMS2_ENST00000406091,1,760
RIMS2_ENST00000436393,1,760
RIMS2_ENST00000507740,1,760
RIMS3,1,760
RIN2,1,760
RIN3,1,760
RING1,1,760
RIOK2,2,760
RIOK2_ENST00000508447,2,760
RLF,2,760
RLN1,1,760
RMI1,1,760
RNASE12,1,760
RNASEH2A,1,760
RNASEL,1,760
RNF103,1,760
RNF112_ENST00000453070,1,760
RNF123,1,760
RNF125,1,760
RNF128,1,760
RNF146,1,760
RNF149,1,760
RNF151,1,760
RNF157,1,760
RNF169,1,760
RNF17,2,760
RNF17_ENST00000255324,3,760
RNF180,1,760
RNF180_ENST00000389100,1,760
RNF2,1,760
RNF213,2,770
RNF213_ENST00000411702,3,760
RNF215,1,760
RNF24,1,760
RNF24_ENST00000545616,1,760
RNF25,1,760
RNF31,2,760
RNF32,1,760
RNF32_ENST00000311822,1,760
RNF43,2,760
RNLS,1,760
RNMT,1,760
ROBO1,1,760
ROBO1_ENST00000305299,1,760
ROBO1_ENST00000464233,1,760
ROBO1_ENST00000495273,1,760
ROBO3,1,760
ROBO3_ENST00000397801,2,760
ROCK1_ENST00000399799,1,760
ROCK2,1,760
ROCK2_ENST00000315872,1,760
ROM1,1,760
ROR2,1,760
RORC,3,760
ROS1,3,760
RP1,3,760
RP1L1,1,760
RP3-402G11_5,1,760
RPAP1,1,760
RPAP3,2,760
RPH3A,1,760
RPL10A,1,760
RPL26,1,760
RPL29,1,760
RPL7,1,760
RPL7L1,1,760
RPP38,1,760
RPS13,1,760
RPS2,1,760
RPS25,1,760
RPS4X_ENST00000316084,1,760
RPS6KA3,2,760
RPS8,1,760
RPTN,1,760
RPUSD1,1,760
RREB1,1,760
RREB1_ENST00000379938,1,760
RRM1,1,760
RRP15,1,760
RSL1D1,1,760
RSPH4A,1,760
RSPO4,1,760
RSRC2,1,760
RTN1,1,760
RTN4,1,760
RTN4RL2,1,760
RTN4_ENST00000337526,1,760
RTN4_ENST00000394609,1,760
RTTN,2,760
RUNDC1,1,760
RUNDC3B,1,760
RXFP3,1,760
RYR1,9,760
RYR2,1,760
RYR3,3,760
S100A14,2,760
S100B,1,760
S100G_ENST00000380200,1,760
S1PR1,1,760
S1PR3,1,760
S1PR4,1,760
SAG,1,760
SAGE1,1,760
SAG_ENST00000409110,1,760
SALL1,1,760
SALL3,2,760
SALL4,1,760
SAMD14,1,760
SAMD4A,1,760
SAMD4B,1,760
SAMD9L,3,760
SARDH,1,760
SASH1,2,760
SASS6,1,760
SATL1,1,760
SBDS,1,760
SBF1,3,760
SBF1_ENST00000380817,3,760
SCAF1,2,760
SCAF11,1,760
SCAI,1,760
SCAMP3,1,760
SCAND3,1,760
SCG2,1,760
SCGBL,1,760
SCIN,1,760
SCIN_ENST00000297029,1,760
SCML4,1,760
SCML4_ENST00000369020,1,760
SCN2A,1,760
SCN2A_ENST00000375437,1,760
SCN4A,2,760
SCN5A,1,760
SCN5A_ENST00000333535,1,760
SCN5A_ENST00000413689,1,760
SCN8A,2,760
SCN8A_ENST00000354534,2,760
SCNN1D,1,760
SCNN1D_ENST00000379116,1,760
SCNN1G,1,760
SCO1,1,760
SCO2,1,760
SCO2_ENST00000543927,1,760
SCRIB,1,760
SCRT2,1,760
SCUBE1,1,760
SCUBE3,1,760
SDC3,1,760
SDHA,1,760
SDK1,3,760
SDK2,1,760
SDPR,1,760
SDR16C5,2,760
SDS,1,760
SEC14L4,1,760
SEC14L4_ENST00000392772,1,760
SEC14L5,3,760
SEC16A,1,760
SEC16A_NM_014866.1,1,760
SEC23IP,1,760
SEC24D,1,760
SEC61A2,1,760
SEC61A2_ENST00000304267,1,760
SEC62,1,760
SEH1L,1,760
SELE,1,760
SELENBP1,1,760
SELV,1,760
SEMA6B,1,760
SEMA6C,1,760
SEMA6C_ENST00000368913,1,760
SEMG2,2,760
SEPT3,1,760
SEPT3_ENST00000396426,1,760
SEPT9,1,760
SEPT9_ENST00000427180,1,760
SERGEF,1,760
SERPINA11,1,760
SERPINA2,1,760
SERPINA5,1,760
SERPINB11,1,760
SERPINB11_ENST00000544088,1,760
SERPINB12,1,760
SERPINB5,1,760
SERPINB8,1,760
SERPINE2,1,760
SERPINE2_ENST00000447280,1,760
SERPINF1,2,760
SERPINI1,1,760
SERPINI2,1,760
SERTAD4,1,760
SETBP1,1,760
SETD4,1,760
SETMAR,1,760
SETX,1,760
SEZ6L2,1,760
SEZ6L2_ENST00000350527,1,760
SF1,1,760
SF1_ENST00000334944,1,760
SF3B1,1,763
SFI1,1,760
SFRP5,1,760
SFRP5_ENST00000266066,1,760
SFTPB,1,760
SFTPC,2,760
SFTPD,1,760
SG269_HUMAN,1,760
SGCG,1,760
SGK1,1,760
SGK1_ENST00000367857,1,760
SGK1_ENST00000367858,1,760
SGK1_ENST00000413996,1,760
SGK1_ENST00000528577,1,760
SGOL1,1,760
SGSM1,3,760
SGSM1_ENST00000400359,3,760
SH2B1,1,760
SH2B1_ENST00000322610,1,760
SH2B1_ENST00000359285,1,760
SH3BGR,1,760
SH3BGRL,1,760
SH3BP5L,1,760
SH3D19,2,760
SH3GL2,1,760
SH3TC1,1,760
SH3TC2,3,760
SH3TC2_ENST00000394358,2,760
SHANK2,2,760
SHANK2_ENST00000338508,2,760
SHC3,1,760
SHH,1,760
SHPRH,1,760
SHROOM4,1,760
SI,5,760
SIAE,1,760
SIAH1,1,760
SIAH1_ENST00000356721,1,760
SIGLEC1,3,760
SIGLEC10,2,760
SIGLEC12,1,760
SIGLEC12_ENST00000439889,2,760
SIGLEC5,1,760
SIGLEC6,1,760
SIGLEC6_ENST00000425629,1,760
SIGLEC7,2,760
SIGLEC8,2,760
SIGLEC9,2,760
SIK2,1,760
SIM1,1,760
SIM2,1,760
SIN3B,2,760
SIPA1L2,1,760
SIPA1L3,4,760
SIRPA,1,760
SIRPB1,2,760
SIRPB2,2,760
SIRT3,1,760
SIRT6,1,760
SIX1,2,760
SIX6,1,760
SKA2_ENST00000330137,1,760
SKIV2L,1,760
SKIV2L_ENST00000375394,1,760
SKOR1,1,760
SKOR1_ENST00000380035,1,760
SLAIN2,1,760
SLAMF1,1,760
SLAMF6,1,760
SLC10A4,1,760
SLC10A5,1,760
SLC11A1,1,760
SLC11A2,1,760
SLC12A3,1,760
SLC12A5,1,760
SLC12A6_ENST00000558589,1,760
SLC12A7,1,760
SLC12A9,1,760
SLC13A1,2,760
SLC13A5,1,760
SLC14A2,1,760
SLC16A3,1,760
SLC16A6,1,760
SLC17A1,1,760
SLC17A7,1,760
SLC19A1,1,760
SLC19A1_ENST00000380014,1,760
SLC19A3,1,760
SLC1A1,1,760
SLC1A2,1,760
SLC1A4,1,760
SLC22A10,1,760
SLC22A15,1,760
SLC22A15_ENST00000369503,1,760
SLC22A18,2,760
SLC22A2,1,760
SLC22A23,1,760
SLC22A23_ENST00000406686,1,760
SLC22A3,1,760
SLC22A5,1,760
SLC22A6,1,760
SLC23A3,2,760
SLC23A3_ENST00000455516,2,760
SLC24A3,1,760
SLC24A5,1,760
SLC25A12,2,760
SLC25A15,1,760
SLC25A2,3,760
SLC25A20,1,760
SLC25A31,1,760
SLC25A33,1,760
SLC25A41,1,760
SLC25A43,1,760
SLC25A48,1,760
SLC25A48_ENST00000412661,1,760
SLC26A1,2,760
SLC26A10,1,760
SLC26A4,1,760
SLC26A7,1,760
SLC26A7_ENST00000309536,1,760
SLC26A9,2,760
SLC26A9_ENST00000367134,2,760
SLC27A4,1,760
SLC28A2,1,760
SLC29A3,1,760
SLC2A1,1,760
SLC2A13,1,760
SLC2A13_ENST00000280871,1,760
SLC2A4,1,760
SLC2A7,1,760
SLC30A4,1,760
SLC32A1,1,760
SLC34A1,1,760
SLC35B1_ENST00000415270,1,760
SLC35E4,1,760
SLC35F2,1,760
SLC35F3,1,760
SLC37A1,1,760
SLC38A10_ENST00000374759,1,760
SLC38A4,2,760
SLC38A5,2,760
SLC38A5_ENST00000376876,2,760
SLC39A10,1,760
SLC41A1,1,760
SLC41A3,1,760
SLC41A3_ENST00000315891,1,760
SLC43A1,1,760
SLC44A3,1,760
SLC44A3_ENST00000271227,1,760
SLC44A5,1,760
SLC44A5_ENST00000370859,1,760
SLC45A3,2,760
SLC46A2,1,760
SLC4A1,2,760
SLC4A10,1,760
SLC4A10_ENST00000446997,1,760
SLC4A1AP,1,760
SLC4A2,1,760
SLC4A3,1,760
SLC4A4,2,760
SLC4A4_ENST00000425175,3,760
SLC4A5,1,760
SLC4A5_ENST00000377634,1,760
SLC4A8,1,760
SLC4A8_ENST00000394856,1,760
SLC4A8_ENST00000453097,1,760
SLC4A9,2,760
SLC4A9_ENST00000230993,3,760
SLC4A9_ENST00000506757,3,760
SLC5A1,2,760
SLC5A10,1,760
SLC5A12,1,760
SLC5A12_ENST00000280467,1,760
SLC5A5,1,760
SLC5A8,1,760
SLC6A13,2,760
SLC6A16,1,760
SLC6A17,1,760
SLC6A19,1,760
SLC6A20,1,760
SLC6A20_ENST00000358525,1,760
SLC6A3,2,760
SLC6A7,3,760
SLC6A8,1,760
SLC7A1,1,760
SLC7A4,1,760
SLC7A7,1,760
SLC7A8,2,760
SLC8A1,1,760
SLC9A1,1,760
SLC9A2,2,760
SLC9A3,1,760
SLC9A3R2,1,760
SLC9A3R2_ENST00000424542,1,760
SLC9A4,2,760
SLC9A5,1,760
SLC9A8,1,760
SLC9A9,1,760
SLCO1C1,1,760
SLCO1C1_ENST00000381552,1,760
SLCO3A1,2,760
SLCO4A1,1,760
SLCO5A1,1,760
SLFN11,3,760
SLFN12,1,760
SLFN12L,1,760
SLFN12L_ENST00000361112,1,760
SLFN12L_ENST00000449046,1,760
SLFN13,1,760
SLFN5,1,760
SLFNL1,1,760
SLIT2,2,760
SLIT3,1,760
SLIT3_ENST00000404867,1,760
SLITRK4,2,760
SLTM,1,760
SLX4,1,760
SMAD1,1,760
SMAD3,1,760
SMAD4,2,817
SMAD5_ENST00000507637,1,760
SMAD5_ENST00000545279,1,760
SMARCA4,1,770
SMARCA4_ENST00000358026,1,760
SMARCAL1,1,760
SMARCC2,1,760
SMARCC2_ENST00000267064,1,760
SMARCD3,1,760
SMARCD3_ENST00000262188,1,760
SMC1A,1,760
SMC1B,1,760
SMC1B_ENST00000357450,1,760
SMCP,1,760
SMG1,1,760
SMG1_ENST00000446231,1,760
SMG7_ENST00000507469,1,760
SMG8,2,760
SMG9,1,760
SMOC2,1,760
SMOX,1,760
SMOX_ENST00000278795,1,760
SMPD1,2,760
SMPD1_ENST00000342245,2,760
SMYD1,1,760
SNAP47,1,760
SNCAIP,2,760
SNCAIP_ENST00000379533,2,760
SND1,2,760
SNN,1,760
SNRK,1,760
SNRK_ENST00000454177,1,760
SNRPD1,1,760
SNTB1,1,760
SNTG2,1,760
SNX20,1,760
SNX29,1,760
SNX29_ENST00000306030,1,760
SNX33,1,760
SNX8,1,760
SNX9,1,760
SOGA1,1,760
SOGA1_ENST00000237536,1,760
SOHLH2,2,760
SON,2,760
SON_ENST00000300278,2,760
SORCS2,1,760
SORCS3,3,760
SORD,1,760
SORL1,2,760
SOS1,1,760
SOX13,1,760
SOX15,1,760
SOX18,1,760
SOX6,1,760
SOX6_ENST00000527619,1,760
SP100,1,760
SP100_ENST00000340126,1,760
SP110,2,760
SP110_ENST00000540870,2,760
SP2,1,760
SP7,1,760
SPAG16,1,760
SPAG17,3,760
SPAG9,1,760
SPAM1,1,760
SPAM1_ENST00000439500,1,760
SPATA13,1,760
SPATA13_ENST00000382108,1,760
SPATA16,1,760
SPC24,1,760
SPECC1_ENST00000261503,2,760
SPECC1_ENST00000395530,1,760
SPEF1,1,760
SPEF2_ENST00000356031,3,760
SPEG,3,760
SPESP1,1,760
SPG7,1,760
SPHKAP,7,760
SPHKAP_ENST00000392056,7,760
SPICE1,2,760
SPICE1_ENST00000295872,1,760
SPINK5,1,760
SPINK5_ENST00000359874,1,760
SPINK8,1,760
SPIRE2,1,760
SPNS3,1,760
SPO11,1,760
SPOCD1,1,760
SPOCK2,2,760
SPOCK3,2,760
SPRED2,1,760
SPRR1A,1,760
SPRR2A,2,760
SPRR2B,1,760
SPTA1,5,760
SPTBN1,1,760
SPTBN2,2,760
SPTBN4,2,760
SPTBN4_ENST00000344104,1,760
SQLE,1,760
SQRDL,1,760
SRBD1,1,760
SRCAP,2,760
SRCRB4D,1,760
SREBF1,1,760
SREBF2,2,760
SREK1IP1,1,760
SRFBP1,1,760
SRGAP1,1,760
SRPRB,1,760
SRPX,1,760
SRRD,1,760
SRRM1,1,760
SRRM2,2,760
SRSF12,1,760
SSBP4,1,760
SSH1,2,760
SSH1_ENST00000326470,1,760
SSH3,1,760
SSTR2,1,760
SSUH2,1,760
SSX7,1,760
ST14,1,760
ST18,3,760
ST3GAL2,1,760
ST5,1,760
ST6GAL2,2,760
ST6GALNAC2,1,760
ST6GALNAC6,1,760
ST8SIA4,1,760
STAB1,2,760
STAB2,4,760
STAG1,3,760
STAG3,1,760
STAG3L4,1,760
STAM2,2,760
STAMBP,1,760
STAMBPL1,1,760
STAMBPL1_ENST00000371927,1,760
STAP1,1,760
STARD8,1,760
STARD8_ENST00000252336,1,760
STARD8_ENST00000374599,1,760
STAT1,2,760
STAT3,1,760
STAT4,2,760
STAT6,1,760
STBD1,1,760
STK10,1,760
STK11IP,1,760
STK11IP_ENST00000295641,1,760
STK17A,1,760
STK32A,1,760
STK32C,1,760
STK32C_ENST00000368625,1,760
STK36,4,760
STOML3,3,760
STON1,2,760
STON1-GTF2A1L,2,760
STOX1,1,760
STOX2,2,760
STOX2_ENST00000308497,2,760
STRADB,2,760
STT3A,1,760
STT3B,1,760
STX3,1,760
STX5,1,760
STX6,1,760
STXBP5L,2,760
STYK1,1,760
SUCLA2,1,760
SUCLG2,2,760
SUCLG2_ENST00000307227,2,760
SUCLG2_ENST00000493112,2,760
SUGP1,1,760
SUGP1_ENST00000334782,1,760
SUGP2,3,760
SULT1A2,1,760
SULT2A1,1,760
SUPT6H,1,760
SUSD3,1,760
SUSD4_ENST00000343846,1,760
SV2A,1,760
SV2C,1,760
SVEP1,6,760
SVIL,1,760
SVOPL,1,760
SVOPL_ENST00000419765,1,760
SWT1,1,760
SYCP1,1,760
SYCP2,1,760
SYCP2L,2,760
SYNCRIP,1,760
SYNE1,4,760
SYNE1_ENST00000265368,4,760
SYNE1_ENST00000423061,4,760
SYNE2,6,760
SYNJ2,1,760
SYNPO,1,760
SYP,1,760
SYP_ENST00000263233,1,760
SYT13,1,760
SYT17,1,760
SYT6,1,760
SYT7,1,760
SYTL5,1,760
SYVN1,1,760
SZT2_ENST00000562955,1,760
SgK269,1,760
T,1,760
TAAR2,1,760
TAB3,2,760
TACC2,1,760
TACR1,2,760
TADA2A_ENST00000394395,1,760
TAF1,2,760
TAF1L,2,760
TAF1_ENST00000276072,2,760
TAF6,1,760
TAF6L,1,760
TAGAP,3,760
TANC1,3,760
TAOK1_ENST00000261716,1,760
TAPBP,1,760
TAPBP_ENST00000426633,1,760
TAS1R1,1,760
TAS1R2,1,760
TAS2R10,1,760
TAS2R39,1,760
TAS2R50,1,760
TAS2R60,1,760
TAT,1,760
TATDN2,2,760
TAX1BP1,1,760
TAZ_ENST00000299328,1,760
TBC1D1,2,760
TBC1D17,1,760
TBC1D22A,1,760
TBC1D22B,2,760
TBC1D25_ENST00000376771,1,760
TBC1D26,1,760
TBC1D8B,2,760
TBC1D8B_ENST00000310452,1,760
TBC1D9B,2,760
TBC1D9B_ENST00000356834,2,760
TBCD_ENST00000355528,1,760
TBK1_ENST00000331710,2,760
TBL2,1,760
TBP,1,760
TBR1,1,760
TBX10,1,760
TBX15,1,760
TBX19,2,760
TBX21,1,760
TBX22,1,760
TBXAS1,1,760
TBXAS1_ENST00000416849,1,760
TCEA3,1,760
TCEANC,1,760
TCEB3B,3,760
TCERG1,1,760
TCF15,1,760
TCF20,1,760
TCHH,4,760
TCHHL1,1,760
TCIRG1,1,760
TCL1B,1,760
TCN1,2,760
TCP11,1,760
TCP11L1,1,760
TCP11L1_ENST00000324357,1,760
TCP11L2,1,760
TCP11_ENST00000311875,2,760
TCTE1,1,760
TDP1,1,760
TDRD1,1,760
TDRD10,1,760
TDRD3,1,760
TDRD5,2,760
TDRD6,4,760
TDRD7,1,760
TDRKH,1,760
TEAD4,2,760
TECPR2,1,760
TECRL,1,760
TECTA,1,760
TECTB,1,760
TEK,1,760
TEKT4,2,760
TEK_ENST00000380036,1,760
TENC1,1,760
TENC1_ENST00000314276,1,760
TEP1,1,760
TERT,8,956
TES,1,760
TESK1,1,760
TES_ENST00000257721,1,760
TET1_ENST00000373644,2,760
TET2,1,770
TET2_ENST00000305737,1,760
TET3,2,760
TEX10,1,760
TEX101,1,760
TEX14,1,760
TEX14_ENST00000240361,1,760
TEX15,2,760
TEX2,1,760
TF,2,760
TFEC,1,760
TFSM1_HUMAN,1,760
TG,2,760
TGFA,2,760
TGFBR1,1,760
TGFBR3,1,760
TGM2,1,760
TGM4,1,760
TGM6,2,760
THADA,3,760
THAP2,1,760
THAP4,1,760
THBS2,1,760
THNSL2,1,760
THSD7A,2,760
THY1,1,760
THYN1,1,760
TIA1,1,760
TIAM1,3,760
TIAM1_ENST00000286827,3,760
TIAM2,1,760
TICAM1,1,760
TIMM9,1,760
TIMMDC1,1,760
TIMP2_ENST00000262768,1,760
TINAG,1,760
TIPIN,1,760
TJP3,3,760
TKTL1,1,760
TKTL2,1,760
TLE1,2,760
TLE6,1,760
TLE6_ENST00000246112,1,760
TLK1,1,760
TLK1_ENST00000431350,1,760
TLL2,1,760
TLN1,2,760
TLN2,4,760
TLR5,1,760
TLR6,1,760
TLR8,1,760
TM4SF4,1,760
TM9SF1,1,760
TM9SF3,1,760
TM9SF4,1,760
TMC1,2,760
TMC3,2,760
TMC4,1,760
TMC5,1,760
TMC5_ENST00000396229,1,760
TMC6,2,760
TMC7,1,760
TMCO3,1,760
TMCO4,1,760
TMCO6,1,760
TMED1,1,760
TMEM104,1,760
TMEM107,1,760
TMEM130,1,760
TMEM131,1,760
TMEM132B,1,760
TMEM132E,1,760
TMEM144,2,760
TMEM146,1,760
TMEM161A,1,760
TMEM171,1,760
TMEM184B,1,760
TMEM19,1,760
TMEM20,1,760
TMEM200A,1,760
TMEM200C,1,760
TMEM209,1,760
TMEM217,1,760
TMEM217_ENST00000356757,1,760
TMEM234,1,760
TMEM26,1,760
TMEM30A,1,760
TMEM41A,1,760
TMEM43,1,760
TMEM54,1,760
TMEM63A,2,760
TMEM63C,1,760
TMEM67,2,760
TMEM67_ENST00000453321,2,760
TMEM80,1,760
TMEM81,1,760
TMEM82,1,760
TMEM86A,1,760
TMEM8C,1,760
TMEM99,1,760
TMOD3,1,760
TMPO,2,760
TMPO_ENST00000266732,1,760
TMPRSS11BNL,1,760
TMPRSS2_ENST00000398585,1,760
TMPRSS2_ENST00000454499,1,760
TMPRSS4,1,760
TMPRSS5,1,760
TMPRSS5_ENST00000299882,1,760
TMPRSS6,1,760
TNC,5,760
TNFAIP1,1,760
TNFAIP2,1,760
TNFAIP8_ENST00000504771,1,760
TNFRSF11A,1,760
TNFRSF19,1,760
TNFRSF1A,1,760
TNFRSF9,1,760
TNFSF12,1,760
TNFSF12-TNFSF13,1,760
TNIK,1,760
TNIK_ENST00000436636,1,760
TNK2,1,760
TNK2_ENST00000333602,1,760
TNK2_ENST00000381916,1,760
TNKS1BP1,1,760
TNN,2,760
TNPO2,1,760
TNRC18_ENST00000399537,1,760
TNRC18_ENST00000430969,1,760
TNRC6A,1,760
TNRC6C,1,760
TNRC6C_ENST00000335749,1,760
TNS3,2,760
TNS4,2,760
TNXB,2,760
TNXB_ENST00000375244,6,760
TNXB_ENST00000375247,6,760
TONSL,1,760
TONSL_ENST00000409379,1,760
TOPBP1,1,760
TOPBP1_ENST00000260810,2,760
TOPORS_ENST00000360538,1,760
TOR2A,1,760
TOR2A_ENST00000373284,1,760
TOX,1,760
TOX3,1,760
TOX3_ENST00000407228,1,760
TP53,6,960
TP53_ENST00000269305,1,760
TP63,2,760
TPBG,1,760
TPCN1,1,760
TPCN1_ENST00000550785,2,760
TPH1,1,760
TPH2,1,760
TPM2_ENST00000378292,2,760
TPM4_ENST00000344824,1,760
TPO,1,760
TPP1,1,760
TPR,3,770
TPRG1,1,760
TPRX1,1,760
TPSD1,1,760
TPST2,1,760
TPTE2,2,760
TPTE2_ENST00000400230,2,760
TRAD,1,760
TRAF3IP2,1,760
TRAF7,1,760
TRAFD1,2,760
TRAIP,1,760
TRAK1_ENST00000396175,1,760
TRAK1_ENST00000543338,1,760
TRAM2,1,760
TRANK1,2,760
TRANK1_ENST00000429976,2,760
TRAPPC6A,1,760
TRERF1,1,760
TRHDE,1,760
TRIM11,1,760
TRIM16,1,760
TRIM22,1,760
TRIM3,1,760
TRIM31,1,760
TRIM32,1,760
TRIM38,1,760
TRIM42,1,760
TRIM45,1,760
TRIM46,1,760
TRIM46_ENST00000368383,1,760
TRIM47,2,760
TRIM48,1,760
TRIM48_ENST00000417545,1,760
TRIM55,1,760
TRIM56,2,760
TRIM56_ENST00000306085,2,760
TRIM58,2,760
TRIM6,1,760
TRIM66,1,760
TRIM72,1,760
TRIML1,1,760
TRIML2,1,760
TRIO,4,760
TRIOBP_ENST00000344404,1,760
TRIP10,2,760
TRIP10_ENST00000313244,2,760
TRIP10_ENST00000596758,1,760
TRIP11,1,760
TRIP4,1,760
TRIT1,1,760
TROAP,2,760
TROVE2,1,760
TRO_ENST00000173898,2,760
TRPC3,1,760
TRPC5,1,760
TRPC6,3,760
TRPM4,1,760
TRPM6,2,760
TRPM8,1,760
TRPS1,3,760
TRPS1_ENST00000395715,2,760
TRPV4,1,760
TRPV5,2,760
TRRAP,1,760
TRRAP_ENST00000359863,1,760
TRUB2,1,760
TSC1,2,760
TSC2,3,770
TSC22D1,1,760
TSC2_ENST00000219476,3,761
TSG101,1,760
TSGA10IP,3,760
TSHZ2,1,760
TSKS,1,760
TSN,1,760
TSPAN13,1,760
TSPAN17,1,760
TSPAN9,1,760
TSPYL5,1,760
TSR1,1,760
TSR2,1,760
TSSK6,1,760
TTBK1,1,760
TTC17,1,760
TTC21A,1,760
TTC24,1,760
TTC26,1,760
TTC30A,1,760
TTC37,1,760
TTC39C,1,760
TTC39C_ENST00000317571,1,760
TTC5,1,760
TTC7A,1,760
TTF2,3,760
TTI1,1,760
TTLL1,1,760
TTLL4,1,760
TTLL6,2,760
TTLL6_ENST00000393382,2,760
TTLL8,1,760
TTLL8_ENST00000433387,1,760
TTN_ENST00000342175,17,760
TTN_ENST00000342992,16,760
TTN_ENST00000356127,18,760
TTN_ENST00000359218,17,760
TTN_ENST00000360870,1,760
TUBA1B,1,760
TUBA3C,1,760
TUBA3D,1,760
TUBA3E,1,760
TUBA8,1,760
TUBB4,1,760
TUBB4Q,1,760
TUBB6,1,760
TUBE1,1,760
TUBGCP2,1,760
TUBGCP3,2,760
TUBGCP6,1,760
TULP2,2,760
TULP4,2,760
TXNDC17,1,760
TXNL1,2,760
TYK2,1,760
TYRO3_ENST00000263798,1,760
U2AF1,1,760
U2AF1_ENST00000380276,1,760
UBA1,1,760
UBA6,1,760
UBAP2L,1,760
UBAP2L_ENST00000456955,1,760
UBC,1,760
UBE2C,1,760
UBE2C_ENST00000335046,1,760
UBE4A,1,760
UBL4B,1,760
UBL7,1,760
UBQLN1,1,760
UBQLNL,1,760
UBR3_ENST00000272793,1,760
UBR5,1,760
UBXN1,1,760
UBXN11,1,760
UBXN1_ENST00000301935,1,760
UBXN8,1,760
UCHL5,1,760
UFC1,1,760
UGGT2,1,760
UGT1A3,1,760
UGT1A4,1,760
UGT1A6,1,760
UGT1A9,1,760
UGT2A1,1,760
UGT2A3,2,760
UGT2B10,1,760
UGT2B10_ENST00000265403,1,760
UGT2B11,1,760
UGT2B28,1,760
UGT2B4,1,760
UGT2B7,1,760
UGT3A1,1,760
UGT3A2,1,760
UGT8,2,760
UHRF1BP1L,1,760
UIMC1,1,760
ULK4_ENST00000301831,1,760
UNC13B,1,760
UNC13B_ENST00000396787,1,760
UNC13C,1,760
UNC13C_ENST00000260323,2,760
UNC5B,2,760
UNC5D,1,760
UNC5D_ENST00000404895,1,760
UNC79,2,760
UNKL,1,760
UPF2,1,760
UPF3A,1,760
UPRT,1,760
URB1,1,760
URB1_ENST00000382751,1,760
URB2,2,760
URGCP,2,760
URGCP_ENST00000453200,2,760
UROC1,1,760
UROC1_ENST00000383579,1,760
UROS,1,760
USH2A,5,760
USP15,1,760
USP20,2,760
USP20_ENST00000315480,2,760
USP20_ENST00000372429,2,760
USP29,1,760
USP3,1,760
USP34,2,760
USP36,1,760
USP36_ENST00000312010,1,760
USP40,1,760
USP40_ENST00000450966,1,760
USP43,3,760
USP48,2,760
USP49,1,760
USP5,1,760
USP53,2,760
USP54,1,760
USP54_ENST00000408019,1,760
USP5_ENST00000229268,1,760
USP6,2,760
USP6NL,1,760
USP6_ENST00000250066,4,760
USP7,1,760
USP8,1,760
USP9Y,1,760
UTP14A,1,760
UTP20,2,760
UTRN,4,760
UTRN_ENST00000367526,1,760
VANGL1,3,760
VANGL2,1,760
VAPA,1,760
VARS,2,760
VASH1,1,760
VASH1_ENST00000554237,1,760
VAT1L,1,760
VAV1,1,760
VAV2,1,760
VAV2_ENST00000371850,1,760
VAV3,1,760
VCAN,5,760
VEPH1,2,760
VIL1,1,760
VILL,1,760
VIM,1,760
VIPR2,1,760
VIT,2,760
VKORC1,1,760
VN1R2,1,760
VNN1,1,760
VNN2,1,760
VPS13A,2,760
VPS13A_ENST00000357409,2,760
VPS13A_ENST00000376634,2,760
VPS13B,2,760
VPS13B_ENST00000357162,1,760
VPS13C,2,760
VPS13C_ENST00000395896,1,760
VPS13D,2,760
VPS16,1,760
VPS18,1,760
VPS35,1,760
VPS37A,1,760
VPS37C,1,760
VWA1,2,760
VWA5A,4,760
VWF,1,760
WAC,1,760
WAS,1,760
WASF2,1,760
WBP1,1,760
WBP4,1,760
WBSCR17,1,760
WBSCR22,1,760
WDHD1,1,760
WDR11,1,760
WDR19_ENST00000399820,1,760
WDR24,1,760
WDR24_ENST00000248142,1,760
WDR26,1,760
WDR26_ENST00000414423,1,760
WDR27_ENST00000333572,1,760
WDR27_ENST00000448612,1,760
WDR3,1,760
WDR33_ENST00000409658,1,760
WDR37,1,760
WDR4,1,760
WDR41,1,760
WDR44,1,760
WDR44_ENST00000435384,1,760
WDR48,2,760
WDR49,1,760
WDR52,1,760
WDR59,1,760
WDR6,1,760
WDR63,1,760
WDR65,1,760
WDR6_ENST00000395474,1,760
WDR70,2,760
WDR72,2,760
WDR73,1,760
WDR75,1,760
WDR76,1,760
WDR81,1,760
WDR81_ENST00000409644,2,760
WDR81_ENST00000437219,1,760
WDR85,2,760
WDR87,2,760
WDYHV1,1,760
WEE2,1,760
WHAMM,1,760
WHAMM_ENST00000234505,1,760
WIBG,1,760
WIBG_ENST00000398213,1,760
WIPF2,1,760
WNK1,1,760
WNK1_ENST00000537687,1,760
WNK2,2,760
WNK2_ENST00000297954,2,760
WNK3,2,760
WNK4,2,760
WNK4_ENST00000246914,2,760
WNT3A,1,760
WRNIP1,1,760
WSCD2,1,760
WT1,1,776
WT1_ENST00000379079,1,760
WWC2,1,760
WWC3,1,760
WWP1,1,760
XDH,1,760
XIRP1,1,760
XIRP2,5,760
XIRP2_ENST00000409728,1,760
XKR3,1,760
XKR4,1,760
XPC,1,760
XPO7,1,760
XRRA1,1,760
YAP1,2,760
YAP1_ENST00000282441,2,760
YARS,1,760
YBX2,1,760
YIF1A,1,760
YIPF4,1,760
YLPM1,1,760
YLPM1_ENST00000325680,1,760
YME1L1,1,760
ZAN_ENST00000542585,2,760
ZBED4,1,760
ZBTB33,1,760
ZBTB34,1,760
ZBTB38,1,760
ZBTB40,1,760
ZBTB44,1,760
ZBTB47,2,760
ZBTB7A,1,760
ZBTB7C,1,760
ZC3H10,1,760
ZC3H12B,1,760
ZC3H12B_ENST00000338957,1,760
ZC3H4,1,760
ZC3H7A,1,760
ZC3HC1,2,760
ZCCHC14,1,760
ZCCHC2,1,760
ZCCHC4,1,760
ZCWPW1,1,760
ZDBF2,1,760
ZDBF2_ENST00000374423,1,760
ZDHHC13,1,760
ZDHHC13_ENST00000446113,1,760
ZDHHC17,1,760
ZDHHC18,1,760
ZDHHC24,1,760
ZDHHC8,1,760
ZEB2,2,760
ZFAND1,1,760
ZFAT,1,760
ZFAT_ENST00000377838,1,760
ZFC3H1,1,760
ZFHX3,7,832
ZFHX4,3,760
ZFP106,1,760
ZFP14,1,760
ZFP30,1,760
ZFP36L2,1,760
ZFP37,1,760
ZFP42,1,760
ZFP57,1,760
ZFP64,1,760
ZFP64_ENST00000216923,1,760
ZFP91,1,760
ZFP91-CNTF,1,760
ZFR2,1,760
ZFYVE1,1,760
ZFYVE9,1,760
ZHX2,2,760
ZHX3,1,760
ZIC1,1,760
ZIC4,1,760
ZIC4_ENST00000525172,1,760
ZIC5,1,760
ZIM2,1,760
ZIM2_ENST00000326441,1,760
ZKSCAN4,1,760
ZMAT1,1,760
ZMAT1_ENST00000372782,1,760
ZMAT4,1,760
ZMYM1,2,760
ZMYM3,1,760
ZMYM4,1,760
ZNF133,1,760
ZNF134,1,760
ZNF136,1,760
ZNF14,2,760
ZNF141,1,760
ZNF146,1,760
ZNF180,2,760
ZNF19,1,760
ZNF205,1,760
ZNF208,2,760
ZNF208_ENST00000397126,3,760
ZNF208_ENST00000428290,2,760
ZNF217,1,760
ZNF217_ENST00000371471,1,760
ZNF219,1,760
ZNF222,2,760
ZNF222_ENST00000391960,2,760
ZNF225,1,760
ZNF233,1,760
ZNF234_ENST00000454662,1,760
ZNF25,1,760
ZNF251,2,760
ZNF251_ENST00000292562,1,760
ZNF253_ENST00000428290,1,760
ZNF26,1,760
ZNF264,2,760
ZNF274,1,760
ZNF277,1,760
ZNF28,1,760
ZNF280B,1,760
ZNF283,1,760
ZNF283_ENST00000324461,1,760
ZNF286B,1,760
ZNF286B_ENST00000545289,1,760
ZNF28_ENST00000438150,1,760
ZNF28_ENST00000457749,1,760
ZNF292,5,760
ZNF292_ENST00000369577,5,760
ZNF295,1,760
ZNF311,2,760
ZNF318,3,760
ZNF335,1,760
ZNF341,1,760
ZNF347,1,760
ZNF358,1,760
ZNF415,1,760
ZNF415_ENST00000455735,1,760
ZNF415_ENST00000500065,1,760
ZNF419,1,760
ZNF419_ENST00000284020,1,760
ZNF419_ENST00000424930,1,760
ZNF425,1,760
ZNF426,1,760
ZNF429,1,760
ZNF43,1,760
ZNF430,1,760
ZNF431,1,760
ZNF436,1,760
ZNF442,2,760
ZNF446,2,760
ZNF449,1,760
ZNF449_ENST00000370761,1,760
ZNF44_ENST00000355684,2,760
ZNF460,2,760
ZNF462,4,760
ZNF470,1,760
ZNF479,1,760
ZNF48,1,760
ZNF480,1,760
ZNF480_ENST00000468240,1,760
ZNF483,1,760
ZNF486_ENST00000335117,1,760
ZNF493,1,760
ZNF493_ENST00000392288,1,760
ZNF501,1,760
ZNF503,1,760
ZNF521,1,760
ZNF524,1,760
ZNF526,1,760
ZNF529_ENST00000334116,4,760
ZNF529_ENST00000396897,4,760
ZNF532,1,760
ZNF534_ENST00000332323,1,760
ZNF543,1,760
ZNF544,1,760
ZNF548_ENST00000336128,1,760
ZNF551,1,760
ZNF552,1,760
ZNF556,1,760
ZNF560,3,760
ZNF564,1,760
ZNF565,1,760
ZNF568,1,760
ZNF569,1,760
ZNF57,2,760
ZNF571,1,760
ZNF574,1,760
ZNF575,1,760
ZNF585A,1,760
ZNF594,1,760
ZNF596,1,760
ZNF598,1,760
ZNF610,1,760
ZNF611,1,760
ZNF613,1,760
ZNF621,1,760
ZNF624,1,760
ZNF625,1,760
ZNF630,1,760
ZNF645,1,760
ZNF646,2,760
ZNF652,1,760
ZNF676,1,760
ZNF679,1,760
ZNF682,2,760
ZNF683,2,760
ZNF687,1,760
ZNF700,2,760
ZNF710,1,760
ZNF711,3,760
ZNF711_ENST00000373165,3,760
ZNF717,5,760
ZNF732_ENST00000419098,1,760
ZNF746,2,760
ZNF749,1,760
ZNF75D,2,760
ZNF761,1,760
ZNF764,1,760
ZNF770,1,760
ZNF778,1,760
ZNF780B,4,760
ZNF780B_ENST00000434248,4,760
ZNF781,1,760
ZNF785,2,760
ZNF786,1,760
ZNF8,1,760
ZNF804B,2,760
ZNF808,1,760
ZNF821,1,760
ZNF826P,1,760
ZNF831,3,760
ZNF835,1,760
ZNF844,1,760
ZNF860,1,760
ZNF860_ENST00000360311,1,760
ZNF862,1,760
ZNF91,1,760
ZNF91_ENST00000300619,1,760
ZNF99,2,760
ZNHIT1,1,760
ZNHIT2,1,760
ZNHIT6,1,760
ZNRF3,1,760
ZP4,2,760
ZPBP,1,760
ZPBP2,1,760
ZRANB1,1,760
ZSCAN18,1,760
ZSCAN18_ENST00000433686,1,760
ZSCAN2,1,760
ZSCAN22,1,760
ZSCAN23,1,760
ZSCAN5A,1,760
ZSCAN5B,2,760
ZSCAN5B_ENST00000358992,2,760
ZSWIM3,2,760
ZSWIM4,1,760
ZWINT,1,760
hCG_17324,1,760
